trial,fault_type,fault_name,anomaly,n_samples,TORQUE_ax1_mean,TORQUE_ax1_std,TORQUE_ax1_rms,TORQUE_ax1_max,TORQUE_ax1_p2p,TORQUE_ax1_kurt,TORQUE_ax1_skew,TORQUE_ax1_crest,TORQUE_ax1_zcr,TORQUE_ax1_mad,TORQUE_ax1_e_low,TORQUE_ax1_e_mid,TORQUE_ax1_e_high,TORQUE_ax1_f_dom,TORQUE_ax2_mean,TORQUE_ax2_std,TORQUE_ax2_rms,TORQUE_ax2_max,TORQUE_ax2_p2p,TORQUE_ax2_kurt,TORQUE_ax2_skew,TORQUE_ax2_crest,TORQUE_ax2_zcr,TORQUE_ax2_mad,TORQUE_ax2_e_low,TORQUE_ax2_e_mid,TORQUE_ax2_e_high,TORQUE_ax2_f_dom,TORQUE_ax3_mean,TORQUE_ax3_std,TORQUE_ax3_rms,TORQUE_ax3_max,TORQUE_ax3_p2p,TORQUE_ax3_kurt,TORQUE_ax3_skew,TORQUE_ax3_crest,TORQUE_ax3_zcr,TORQUE_ax3_mad,TORQUE_ax3_e_low,TORQUE_ax3_e_mid,TORQUE_ax3_e_high,TORQUE_ax3_f_dom,TORQUE_ax6_mean,TORQUE_ax6_std,TORQUE_ax6_rms,TORQUE_ax6_max,TORQUE_ax6_p2p,TORQUE_ax6_kurt,TORQUE_ax6_skew,TORQUE_ax6_crest,TORQUE_ax6_zcr,TORQUE_ax6_mad,TORQUE_ax6_e_low,TORQUE_ax6_e_mid,TORQUE_ax6_e_high,TORQUE_ax6_f_dom,CURRENT_ax1_mean,CURRENT_ax1_std,CURRENT_ax1_rms,CURRENT_ax1_max,CURRENT_ax1_p2p,CURRENT_ax1_kurt,CURRENT_ax1_skew,CURRENT_ax1_crest,CURRENT_ax1_zcr,CURRENT_ax1_mad,CURRENT_ax1_e_low,CURRENT_ax1_e_mid,CURRENT_ax1_e_high,CURRENT_ax1_f_dom,CURRENT_ax2_mean,CURRENT_ax2_std,CURRENT_ax2_rms,CURRENT_ax2_max,CURRENT_ax2_p2p,CURRENT_ax2_kurt,CURRENT_ax2_skew,CURRENT_ax2_crest,CURRENT_ax2_zcr,CURRENT_ax2_mad,CURRENT_ax2_e_low,CURRENT_ax2_e_mid,CURRENT_ax2_e_high,CURRENT_ax2_f_dom,CURRENT_ax3_mean,CURRENT_ax3_std,CURRENT_ax3_rms,CURRENT_ax3_max,CURRENT_ax3_p2p,CURRENT_ax3_kurt,CURRENT_ax3_skew,CURRENT_ax3_crest,CURRENT_ax3_zcr,CURRENT_ax3_mad,CURRENT_ax3_e_low,CURRENT_ax3_e_mid,CURRENT_ax3_e_high,CURRENT_ax3_f_dom,CURRENT_ax6_mean,CURRENT_ax6_std,CURRENT_ax6_rms,CURRENT_ax6_max,CURRENT_ax6_p2p,CURRENT_ax6_kurt,CURRENT_ax6_skew,CURRENT_ax6_crest,CURRENT_ax6_zcr,CURRENT_ax6_mad,CURRENT_ax6_e_low,CURRENT_ax6_e_mid,CURRENT_ax6_e_high,CURRENT_ax6_f_dom,POWER_ax1_mean,POWER_ax1_std,POWER_ax1_rms,POWER_ax1_max,POWER_ax1_p2p,POWER_ax1_kurt,POWER_ax1_skew,POWER_ax1_crest,POWER_ax1_zcr,POWER_ax1_mad,POWER_ax1_e_low,POWER_ax1_e_mid,POWER_ax1_e_high,POWER_ax1_f_dom,POWER_ax2_mean,POWER_ax2_std,POWER_ax2_rms,POWER_ax2_max,POWER_ax2_p2p,POWER_ax2_kurt,POWER_ax2_skew,POWER_ax2_crest,POWER_ax2_zcr,POWER_ax2_mad,POWER_ax2_e_low,POWER_ax2_e_mid,POWER_ax2_e_high,POWER_ax2_f_dom,POWER_ax3_mean,POWER_ax3_std,POWER_ax3_rms,POWER_ax3_max,POWER_ax3_p2p,POWER_ax3_kurt,POWER_ax3_skew,POWER_ax3_crest,POWER_ax3_zcr,POWER_ax3_mad,POWER_ax3_e_low,POWER_ax3_e_mid,POWER_ax3_e_high,POWER_ax3_f_dom,POWER_ax6_mean,POWER_ax6_std,POWER_ax6_rms,POWER_ax6_max,POWER_ax6_p2p,POWER_ax6_kurt,POWER_ax6_skew,POWER_ax6_crest,POWER_ax6_zcr,POWER_ax6_mad,POWER_ax6_e_low,POWER_ax6_e_mid,POWER_ax6_e_high,POWER_ax6_f_dom,LOAD_ax1_mean,LOAD_ax1_std,LOAD_ax1_rms,LOAD_ax1_max,LOAD_ax1_p2p,LOAD_ax1_kurt,LOAD_ax1_skew,LOAD_ax1_crest,LOAD_ax1_zcr,LOAD_ax1_mad,LOAD_ax1_e_low,LOAD_ax1_e_mid,LOAD_ax1_e_high,LOAD_ax1_f_dom,LOAD_ax2_mean,LOAD_ax2_std,LOAD_ax2_rms,LOAD_ax2_max,LOAD_ax2_p2p,LOAD_ax2_kurt,LOAD_ax2_skew,LOAD_ax2_crest,LOAD_ax2_zcr,LOAD_ax2_mad,LOAD_ax2_e_low,LOAD_ax2_e_mid,LOAD_ax2_e_high,LOAD_ax2_f_dom,LOAD_ax3_mean,LOAD_ax3_std,LOAD_ax3_rms,LOAD_ax3_max,LOAD_ax3_p2p,LOAD_ax3_kurt,LOAD_ax3_skew,LOAD_ax3_crest,LOAD_ax3_zcr,LOAD_ax3_mad,LOAD_ax3_e_low,LOAD_ax3_e_mid,LOAD_ax3_e_high,LOAD_ax3_f_dom,LOAD_ax6_mean,LOAD_ax6_std,LOAD_ax6_rms,LOAD_ax6_max,LOAD_ax6_p2p,LOAD_ax6_kurt,LOAD_ax6_skew,LOAD_ax6_crest,LOAD_ax6_zcr,LOAD_ax6_mad,LOAD_ax6_e_low,LOAD_ax6_e_mid,LOAD_ax6_e_high,LOAD_ax6_f_dom
IM-01F,0,Normal,0,308454,-0.05991856504049227,0.9552102581327098,0.9570877032322951,23.010254,23.010254,130.5990533983286,0.7207909307851886,24.04194926158734,0.0010730970358531122,0.5310060000000001,0.8454430518134937,0.11639679206905107,0.03816015611745479,0.016209872460723477,-6.701352708591881,1.139291452821927,6.7975078624025755,26.342773,26.342773,117.27450333680083,-0.0981406326266007,3.8753574888384406,0.001860899391479415,0.5554199999999998,0.8244019446152466,0.13142326184812894,0.04417479353662443,0.06159751535074921,-0.32861186695260886,0.5338376740124242,0.6268719337289511,3.265381,3.265381,1.265812173770807,1.542825809983512,5.2090081311757945,0.0011217268108917728,0.04882799999999998,0.6419883517804955,0.3027772907135542,0.055234357505950286,0.08915429853397913,-0.8337402579866042,2.5431446829896216,2.676323541055145,85.316524,85.316524,847.1981122891216,-7.775075371699711,31.87825488631461,0.15328105092185842,0.106078,0.9355965024781927,0.049359777035197165,0.015043720486609997,0.05835554085860452,-0.04792621074779384,0.7636949617673563,0.765197305474533,18.40332,18.40332,130.40714514682043,0.7214761317063234,24.05042447004865,0.0009563855757603265,0.424805,0.8483787448611693,0.11434043687262754,0.03728081826620313,0.016209872460723477,-5.361063346187763,0.9107229911893177,5.437868752417508,21.035156,21.030273,117.20377083903857,-0.0974387464902463,3.868272103965073,0.00173121999137632,0.44433599999999984,0.8276784315224623,0.13161317160240468,0.04070839687513292,0.06159751535074921,-0.2628987869990339,0.4267175117962617,0.5012021618859561,2.529297,2.529297,1.2420664136013917,1.5430129003102153,5.046460674635953,0.0010763390208556895,0.039063000000000014,0.6624869323565009,0.2982835334168737,0.03922953422662521,0.08915429853397913,-0.688361203229655,1.2676245103448014,1.4424676929965106,55.114746,55.114746,1181.4420318970037,-5.935513985973376,38.20865192863167,0.17020421263531235,0.09228499999999995,0.9352163720583022,0.0531134207892753,0.011670207152422528,0.004862961738217044,1.3105183253094468,84.28528729643466,84.2954750441772,4305.692335,4305.692335,1110.256611652741,9.534199813928733,51.07857014559194,0.013927567571072417,0.0,0.9061536983929775,0.0582150855421011,0.03563121606492146,2.861042489317694,1.8367341756080318,175.71610961382203,175.72570890523832,7719.758335,7719.758335,753.5440003164508,4.2323252024035245,43.93072808238293,0.0009207237407319754,11.504856,0.9166446939892018,0.05589289704708156,0.027462408963716645,1.7425612895277738,0.7571958271119844,1.2962239679476466,1.501180234241626,8.628642,8.628642,0.20700495642522831,1.209321349169095,5.747905416806304,0.0008299481606598088,0.0,0.48681965641766023,0.33024993174849326,0.18293041183384645,0.0032419744921446956,375.086750876484,690.4462484285992,785.7519281886647,30921.020508,30921.020508,1285.295035637207,6.696191995203206,39.35214079497065,0.20572988429355527,47.607421999999985,0.9115901808353742,0.0535075812562581,0.03490223790836754,0.004862961738217044,0.6526730675432966,0.7090909495809337,0.9637386097246321,22.98584,22.98584,380.7848050590687,17.6984505669428,23.85069952377203,0.020794091806531304,0.14038099999999998,0.7855662103467196,0.12897481082397522,0.0854589788293052,0.0032419744921446956,6.736827079992479,1.008993412028057,6.811967910320483,36.541748,36.541748,186.39594152704018,9.623021210966625,5.364345293617335,0.0014459253111495107,0.5615230000000002,0.7768926587528072,0.1373386263181311,0.08576871492906152,0.06159751535074921,0.6077266980100761,0.15400598315153888,0.626936665318517,3.259277,3.259277,27.837961412171058,3.122280151790045,5.19873406725082,0.005051012634015555,0.06103499999999995,0.38083918338289385,0.4027083758795292,0.216452440737577,0.0032419744921446956,1.3125217319211293,2.2414619673179086,2.597472819433903,99.700928,99.700928,1232.440605022535,33.340530194729745,38.38381955493531,0.07878671953263544,0.16479500000000002,0.8965483077521998,0.05479761043116053,0.04865408181663977,0.032419744921446954
IM-01F-A01,3,Process Anomaly,1,306867,-0.061801007925257515,0.9532602770744147,0.955261493219824,23.0896,23.0896,132.771052044769,0.7460442541310268,24.170973250658015,0.0010395416892063636,0.518799,0.8468246524769144,0.11625829935539958,0.0369170481676859,0.01629370378698263,-6.683520829140964,1.0719682196107645,6.768941315849664,26.586914,26.586914,119.26863997506608,-0.6148398454511681,3.927780247960786,0.001919404560948427,0.5493160000000001,0.8183084668466586,0.13623493654291974,0.04545659661042179,0.061916074390534,-0.32697872835788794,0.5318361469017787,0.6243114414696177,8.105469,8.105469,3.0265798721586874,1.6538394554087439,12.983053747853594,0.0011242692250037476,0.05493199999999998,0.6577811401683346,0.2895396576706826,0.05267920216098271,0.10102096347929232,-0.8398326802165107,2.538480662659913,2.673799357741332,85.452909,85.452909,841.3708858388466,-7.467454346809735,31.95935729156042,0.17238794783390796,0.106078,0.9337038826060106,0.05097890013822775,0.015317217255761835,0.022811185301775685,-0.049419247670815035,0.7621664754372462,0.7637669790720099,18.491211,18.491211,132.58197620674105,0.747372026537312,24.210540003270555,0.0009548141534089799,0.41503900000000005,0.8499214589625148,0.1141985115715994,0.03588002946588564,0.01629370378698263,-5.3467943986352395,0.8568930005354599,5.415023172216703,21.206055,21.206055,119.18940512376925,-0.6155945530094786,3.916152216818502,0.0018672645389192677,0.4345699999999999,0.8218746797985436,0.13646563157019684,0.04165968863125967,0.061916074390534,-0.2616166184796671,0.4251113752151558,0.49916223455110936,6.450195,6.450195,2.9998967518648945,1.6545410393152389,12.922041279426084,0.0011112342194964577,0.043945999999999985,0.6781703608613384,0.2849938500884773,0.036835789050184226,0.10102096347929232,-0.6959105677508497,1.2689684362587033,1.4472637667433566,55.217285,55.217285,1182.6657416712062,-5.9292390868789004,38.152882887581946,0.17428454113521863,0.09228499999999995,0.9345570120990624,0.0535816782706778,0.01186130963025997,0.00488811113609479,1.301399500637084,84.57137476715714,84.58138725906073,4311.444763,4311.444763,1107.450383415906,9.703547408276215,50.97391876293847,0.01282644541917319,0.0,0.9108987663288975,0.05771923934439974,0.03138199432670278,2.642838754248583,2.773871995747343,147.80291453806902,147.82894138766102,7739.891832,7739.891832,959.6017364511926,18.78429495678341,52.3570808215639,0.0011079754681196353,11.504856,0.926835804370881,0.04716802094243194,0.025996174686687093,0.06354544476923227,0.7627894949799101,1.4869805049008038,1.671214778419206,117.924773,117.924773,822.2857993973508,7.705638361129712,70.5623086408705,0.0008472753579738387,0.0,0.6474113217823348,0.24571229445663745,0.10687638376102773,0.0032587407573965266,379.62360533960646,690.2703142443443,787.7735642035896,30944.824219,30944.824219,1284.0473516636873,6.611884293268972,39.281369196850484,0.2087751657075075,47.607421999999985,0.911767459531753,0.05388425258699002,0.03434828788125679,0.00488811113609479,0.6492972588482958,0.7092606932230183,0.9615808137120393,22.784424,22.784424,384.23299214452936,17.80752063364109,23.694757294547227,0.020210776039052875,0.14038099999999998,0.7880755505514067,0.1288690821298457,0.08305536731874781,0.21833563074556728,6.710514017447299,0.9421345447538455,6.7763276100536345,36.816406,36.773681,175.09533156057984,8.767776721362726,5.433091213798118,0.0017108444728317898,0.5493160000000001,0.7721196458379969,0.14264065762911962,0.0852396965328837,0.061916074390534,0.6002365016342586,0.17173058656092674,0.6243198317006221,8.105469,8.105469,107.9563274610012,4.895534509552226,12.982879268661108,0.005168379683640417,0.05493099999999995,0.42586330926006283,0.3745812461246882,0.19955544461524902,0.0032587407573965266,1.3266938805084938,2.2403200416022155,2.6036801918406263,99.688721,99.688721,1231.3683228139885,33.34003645785917,38.28762123412968,0.08292218753462423,0.16479500000000002,0.8928469088078468,0.0568699826229757,0.050283108569177344,0.03258740757396526
IM-01R,0,Normal,0,610343,-0.1593117787686596,1.3198233867647897,1.329403631372246,24.084473,24.084473,123.84296369317202,1.3510621194662387,18.116749820473533,0.011719658814238575,0.5371090000000001,0.8380925328864387,0.12170792747480529,0.04019953963875623,0.02293792179151723,-6.70226572690438,1.0174929866805684,6.779060248440136,25.946045,25.933838,125.18502267410312,-0.19129718138840718,3.827380794553374,0.020567157429768883,0.5676269999999999,0.7935059057665267,0.15012305513748866,0.05637103909598456,0.02293792179151723,-0.2841323955939529,0.4134319339850912,0.5016544450761016,5.517578,5.517578,8.083289628556471,1.8920082759166605,10.998762303726776,0.1294372663195389,0.10376000000000002,0.5876588138941328,0.34171473114975176,0.07062645495611536,0.004915268955325121,-2.103072467153715,1.761871109688574,2.743556744311162,85.361986,85.361986,1228.9682997600705,-7.496625737677988,31.113621461265694,0.0062456786522965815,0.8940809999999999,0.9216891620895802,0.05174656135979697,0.02656427655062283,0.0032768459702167472,-0.1274101428917838,1.0552027001915747,1.0628669168824922,19.296875,19.296875,123.85559752674351,1.3534494298974595,18.15549500458618,0.011064288546421514,0.42968699999999993,0.8410144199942136,0.11973846374986477,0.03924711625592175,0.02293792179151723,-5.361790778460636,0.8134831114234583,5.423149926431751,20.683594,20.683594,125.06384051339148,-0.19133747835388518,3.813944714895445,0.020868627752964733,0.45410200000000067,0.79577510960603,0.15038209217039414,0.05384279822357592,0.02293792179151723,-0.22733469306439166,0.32972606870393567,0.4005001161718104,4.360352,4.360352,8.01171235320381,1.9005919000417677,10.88726775332433,0.07303282421986362,0.078125,0.6109045692000521,0.3396151582468522,0.049480272553095776,0.004915268955325121,-1.257296378097234,0.7904168800414938,1.4851104425701651,46.35791,46.35791,797.6989146650697,-3.2544224753662165,31.21512627691983,0.005708275032686592,0.53833,0.9211325936453192,0.057971107030236696,0.020896299324444322,0.0032768459702167472,2.3718069335455643,141.90170452005415,141.92152484322725,4150.37678,4150.37678,378.7275843455898,4.936317963729611,29.244167046434207,0.00874919307535775,0.0,0.8993643138749579,0.06490699772810714,0.03572868839693512,2.5174369166190163,3.857512088415859,150.29877990172724,150.348274481153,6790.741218,6790.741218,775.0337577804111,5.518089582146628,45.16673863690573,0.0005767258356790128,31.638354,0.9249143387378757,0.04773081658441445,0.027354844677709784,0.026214767761733978,0.5456269045045165,1.6089531617597774,1.6989523229496364,23.009712,23.009712,12.421212879411092,3.0319550954157535,13.543471284733691,0.0009371794829783957,0.0,0.3808528598349653,0.38350593525463017,0.2356412049104046,0.0032768459702167472,694.1029554322782,427.41827209093,815.1474051096645,25588.989258,25588.989258,821.7905454096754,3.684564464877343,31.3918551388352,0.006321046233095543,285.64453100000003,0.8715074611586746,0.06668476317964635,0.061807775661679165,0.0032768459702167472,0.6992930820276467,1.1375534869769879,1.3353047406136285,24.066162,24.066162,194.20721794654673,12.885708622271745,18.022973534071774,0.041052393576060636,0.177002,0.7823254008514049,0.13429907080338632,0.08337552834520912,0.0032768459702167472,6.728337922342027,0.8929851615371175,6.787337747302053,32.15332,32.141113000000004,166.18784859855177,8.687292848162723,4.7372506271374,0.016058209987187513,0.5676269999999999,0.754372264174688,0.15552950818494105,0.09009822764037106,0.026214767761733978,0.4470155546586101,0.22752005285593546,0.5015857659048076,5.328369,5.328369,30.1289661362091,3.3211124951247117,10.623046669572425,0.024179886031110428,0.10376000000000002,0.39389097624541786,0.39058367630558494,0.21552534744899715,0.0032768459702167472,2.2931763484630774,1.3760219904405486,2.674339971530625,81.384277,81.384277,734.6711050878149,17.431816347561806,30.431537450872682,0.005721382438042933,0.964356,0.87528169767863,0.06520699128816909,0.05951131103320113,0.0032768459702167472
IM-01R-A01,1,Tool Wear,1,604462,-0.15427036338926187,1.3502754697567332,1.3590596709662977,24.102783,24.102783,116.15015412931206,1.3260499908052452,17.73489679291477,0.01520528206120825,0.573731,0.8384937707564655,0.12085983716244039,0.040646392081094204,0.023161092012401113,-6.698141699008374,1.0437303184108098,6.778973019386101,25.915527,25.909423,120.36362641299577,-0.0763323550084814,3.822928181877746,0.021291696238467,0.579834,0.7939316000977458,0.14909785740720588,0.05697054249504833,0.026469819442744128,-0.302439110051583,0.47778255023535454,0.5654605031283729,19.75708,19.75708,318.62644937471623,-0.8713083349983641,34.93980550488541,0.12693457476991898,0.10376000000000002,0.6549132005555641,0.2831496504660144,0.06193714897842155,0.154683007368536,-2.226958914381715,1.7968509556028656,2.8614715380368745,85.37714,85.37714,1145.006553990318,-6.940164328687113,29.83679511227058,0.005654624533261865,0.924388,0.922132267745777,0.05090316842407798,0.026964563830145172,0.003308727430343016,-0.1233750761007309,1.0795282932252646,1.0865554497018153,19.291992,19.291992,116.1489753348088,1.3277177336939072,17.755184059216052,0.013842084104681691,0.458985,0.841409157037767,0.11891225310222835,0.03967858986000487,0.023161092012401113,-5.358516432602877,0.8344531800582053,5.423099710330274,20.717773,20.717773,120.23731122037637,-0.07691923576489262,3.82028251491217,0.021718522783107597,0.46875,0.7962419681370354,0.14928059953019693,0.05447743233276761,0.026469819442744128,-0.24198725129619397,0.38119771753076453,0.4515191354090676,15.810547,15.810547,320.89851108003006,-0.8890851566246477,35.016338755335255,0.0659678622773016,0.08300799999999997,0.6776206697814882,0.2795005232947743,0.04287880692373751,0.154683007368536,-1.3307159624442892,0.816161129939303,1.5610650091292904,46.342529,46.342529,706.1859557186497,-2.84459312905238,29.686482452033374,0.005313825044130225,0.5537109999999998,0.9220430989387566,0.05716853503985948,0.020788366021384036,0.003308727430343016,2.438530908750261,143.81032577856953,143.83099886161966,4147.500566,4147.500566,364.6936733090893,4.8347709761115185,28.83592965929636,0.008903800245177108,0.0,0.8985008101453792,0.06499402521704926,0.03650516463757171,2.433569025017288,3.7301915870807445,153.23380122797073,153.27919678824512,6828.131999,6828.131999,732.7992866936017,4.808008666517177,44.547023614907445,0.0005691020595207962,34.514568,0.9255108666371907,0.04793918593148335,0.026549947431325886,0.026469819442744128,0.6148204694902245,47.225615417491944,47.22961735786727,4935.583198,4935.583198,5910.106648788234,24.326543888380012,104.50186713566198,0.0009462976105985332,0.0,0.9077788072715061,0.0658979497645503,0.026323242963943783,2.431914661302117,734.8231974404397,443.2018539529257,858.1334481558807,25612.792969,25612.792969,718.8228087377797,3.2383637521561903,29.847097819158087,0.005307207578321844,309.44824200000005,0.8724880562654732,0.06579278800108386,0.06171915573344286,0.003308727430343016,0.7200037364532427,1.1591284066060992,1.3645453614694623,24.005127,24.005127,184.1102756153253,12.512192978324794,17.592032978771165,0.04021433971753347,0.18310499999999996,0.7821325942458351,0.13417223405324877,0.08369517170091594,0.005790273003100278,6.7259119984382805,0.9112859573359018,6.787365785544024,32.226562,32.220458,159.00764040361128,8.521988503306757,4.748021989420003,0.017446948603797433,0.5859370000000004,0.755010008738978,0.1554142967018715,0.08957569455915039,0.026469819442744128,0.46004922781911844,0.34796719748179156,0.576824464235264,23.22998,23.22998,1442.6572506586801,29.4900076966104,40.272182336783494,0.02590737863981299,0.10376000000000002,0.5473998220997709,0.28672778122235065,0.16587239667787854,0.003308727430343016,2.425657823247781,1.4227357997107393,2.81211540148368,81.420898,81.420898,643.7390775696391,15.819956655693709,28.953611916865892,0.0052377241873338394,0.9948730000000001,0.8761386506442208,0.06447810963100928,0.05938323972476965,0.003308727430343016
IM-01R-A02,1,Tool Wear,1,606127,-0.15229100385562763,1.3563861737722596,1.364908788987713,24.151611,24.151611,113.6653842164721,1.3048311818245575,17.69467029215343,0.013549987956299515,0.585937,0.8386800822186816,0.11973216028652693,0.041587757494791475,0.02309746967219741,-6.700310932948045,1.0456407853888747,6.781410712399874,25.671387,25.671387,119.23723924774606,-0.07214274412515102,3.7855526067842526,0.017392423357519723,0.5859380000000005,0.7939690559750373,0.1475528936001823,0.058478050424780256,0.02639710819679704,-0.2921740440303765,0.4589398112866456,0.544050937310916,19.000244,19.000244,255.16677321113633,-0.3118281507629816,34.923649050055175,0.0969979839175353,0.10986299999999999,0.645672055728402,0.28978425242365186,0.0645436918479461,0.004949457786899445,-2.2772805741849482,1.8363269127291137,2.9254236178668833,85.180139,85.180139,1060.8633361016182,-6.628369540537443,29.117198097317058,0.0059591570069589496,0.985004,0.9220655349243507,0.051033657419031736,0.02690080765661778,0.00329963852459963,-0.12180436954466638,1.084461462661917,1.091280426122909,19.345703,19.345703,113.65874302665107,1.306646377985572,17.727526799624947,0.011900165972091611,0.46875,0.841942807741961,0.11785236320874261,0.04020482904929635,0.02309746967219741,-5.360243398720071,0.8360178495341946,5.42504701714758,20.551758,20.551758,119.10242649297726,-0.07354468691812033,3.788309656126418,0.01730993225830933,0.46875,0.7964691957310364,0.14790502989493223,0.05562577437403157,0.02639710819679704,-0.23376980088001362,0.3661446690754802,0.43440791716527694,15.205078,15.205078,257.14886993658274,-0.31813773382138205,35.00184365704137,0.05181595905801764,0.083008,0.6689892867683598,0.28633056854928707,0.04468014468235323,0.004949457786899445,-1.3619081982604306,0.8435870503980775,1.6020090674176288,46.455322,46.455322,619.388958973949,-2.544700483663703,28.99816420819891,0.005711683709327764,0.5895999999999999,0.9213938456059635,0.05709204456269459,0.021514109831342023,0.00329963852459963,2.4443028615290197,143.61779673679484,143.63859563505275,4161.881636,4161.881636,365.6607337658911,4.836509796438418,28.974675069743984,0.008440489271207637,0.0,0.8999097536785924,0.06450185152325454,0.03558839479815285,3.491842468657558,3.719992393137084,153.06240718423854,153.1076054167089,6816.627143,6816.627143,734.6638815578078,4.765970928140565,44.52180624500897,0.0005477408987570241,34.514568,0.9243254434683756,0.04795933662680802,0.02771521990481651,0.02639710819679704,0.5479937722144039,32.38298773935113,32.38762405767598,3552.124271,3552.124271,6885.745565617522,24.082586304903735,109.67535823789873,0.0009502974629037527,0.0,0.9190965730746397,0.05598907498321781,0.024914351942142338,2.7923191014424367,752.7484770454871,458.05634775650867,881.1616692834135,25684.204102,25684.204102,630.0857793527389,2.905583901776553,29.14811776014627,0.005672087981706774,333.25195300000007,0.873560213196982,0.06519318847615486,0.06124659832686322,0.00329963852459963,0.7280036628792316,1.161629963065464,1.3709024415533912,24.127197,24.127197,181.79531168189627,12.393063766746529,17.599499620601076,0.037381666518182685,0.18920900000000002,0.7836349454209831,0.13250327096530445,0.08386178361371244,0.02309746967219741,6.728020313638891,0.9137190671838495,6.7897820196581335,32.177734,32.177734,156.7129650267183,8.424180974491682,4.739140948389409,0.011789627899149682,0.5859380000000005,0.7557961856545028,0.15436079182320767,0.08984302252228939,0.02639710819679704,0.4498892711428463,0.3086888689956454,0.5456089938144827,18.981934,18.981934,1165.7947016786163,24.2703173227032,34.79036125723069,0.031179985679545177,0.10376000000000002,0.52075299346994,0.3035806471230606,0.17566635940699965,0.00329963852459963,2.4822354929940427,1.4732372374364373,2.886506712351233,81.665039,81.665039,559.4701101589724,14.224428854280518,28.291996914664686,0.005457611123759747,1.0681149999999997,0.876298627374708,0.06405554520373166,0.05964582742156043,0.00329963852459963
IM-01R-A03,1,Tool Wear,1,604182,-0.1629081299972525,1.3621784537441117,1.3718852716841523,24.121094,24.121094,109.88483149911349,1.2288169266656077,17.582442568530887,0.01213047083572638,0.616455,0.8407141508151549,0.11854391376228919,0.040741935422555685,0.023171825708147544,-6.695142744095322,1.029321399692503,6.77380534911339,25.793457,25.793457,121.45275157602978,-0.22496663549397475,3.807823766795433,0.013279133239873482,0.5676269999999999,0.7936334609849914,0.1482846951032657,0.0580818439117426,0.026482086523597192,-0.2874501247074557,0.410015756121695,0.5007399469409017,6.396484,6.396484,9.442048340477093,1.9540748886383221,12.774063741223596,0.12028018093915566,0.10986299999999999,0.5855803394551071,0.33817960633336097,0.07624005421153184,0.004965391223174473,-2.3666622307946943,1.8642705766044572,3.0127387701995065,85.407447,85.407447,992.6603058233997,-6.181693326631556,28.348772832482997,0.005614211635254998,1.000159,0.9238782990199266,0.04998115665055561,0.02614054432951784,0.003310260815449649,-0.13028125496125337,1.0891057788262402,1.0968703673939733,19.355469,19.355469,109.86721563657495,1.2310067151223096,17.646086151443924,0.010594507275137749,0.49316399999999994,0.8437964689199213,0.11678319354942299,0.03942033753065584,0.023171825708147544,-5.35609525236601,0.8229551346867955,5.418949299091574,20.605469,20.600586,121.32390435783229,-0.2248175216328982,3.802484183318392,0.013596918804133199,0.45410099999999964,0.7958294474255599,0.1485832736899522,0.055587278884487855,0.026482086523597192,-0.2300094656444581,0.3268859055722287,0.399698323173647,5.083008,5.083008,9.375980903443802,1.9654523626247293,12.717111144325997,0.06924580547882174,0.08300800000000003,0.6098144144780892,0.33626734135257746,0.05391824416933363,0.004965391223174473,-1.4153298341708294,0.8661140018742044,1.6593107013867465,46.429688,46.429688,557.1937692529142,-2.268207813135451,27.981310529243867,0.00523022074510784,0.594727,0.9214595430798208,0.05646126420407408,0.022079192716105294,0.003310260815449649,2.469004792241411,142.64736896337905,142.66873468576955,4150.37678,4150.37678,374.7189529980887,4.87489767975549,29.091004340518467,0.008047257361618456,0.0,0.9021133943385664,0.06308785524185867,0.03479875041957473,2.517453350149458,3.8604540429787733,151.2917601648057,151.3410050157691,6810.874715,6810.874715,766.7987833048969,5.389623859349856,45.0034986505497,0.0005329528733939001,34.514568,0.9246329681970257,0.04703793306973516,0.02832909873323932,0.02565452131973478,0.5243462913989494,1.5610766725343759,1.6467845672202635,48.895638,48.895638,20.552442320038253,3.3297550827690228,29.69158138428196,0.0009136334972466861,0.0,0.3823568338865713,0.3847770229177946,0.23286614319563412,0.003310260815449649,782.6418976291416,470.99962573799644,913.4380041195332,25612.792969,25612.792969,559.9137993068391,2.5346385480133313,28.039990512205893,0.005041535566328633,333.25195300000007,0.8730043992661056,0.06475135097481674,0.062244249759077656,0.003310260815449649,0.0,0.0,0.0,0.0,0.0,0.0,0.0,0.0,0.0,0.0,0.0,0.0,0.0,0.0,0.0,0.0,0.0,0.0,0.0,0.0,0.0,0.0,0.0,0.0,0.0,0.0,0.0,0.0,0.0,0.0,0.0,0.0,0.0,0.0,0.0,0.0,0.0,0.0,0.0,0.0,0.0,0.0,0.0,0.0,0.0,0.0,0.0,0.0,0.0,0.0,0.0,0.0,0.0,0.0,0.0,0.0
IM-01R-A04,1,Tool Wear,1,608929,-0.1645812472997673,1.3800262381731434,1.3898055277660488,24.053955,24.053955,105.40814562010283,1.2418860027180618,17.307425045764454,0.013464646066530033,0.628662,0.8406496022415154,0.11749179735110374,0.04185860040738101,0.02299118616456106,-6.696580748929677,1.0510164337428345,6.778556577246595,25.921631,25.921631,116.74439966613653,-0.08842719914008,3.824063531019342,0.012300304797939986,0.579834,0.7950236738912684,0.14633090865635137,0.05864541745238008,0.026275641330926924,-0.2966374302537734,0.44712369597128715,0.5365755906921096,18.164062,18.164062,162.04870968384813,0.3956415097079822,33.85182314493812,0.12860797992537706,0.10375999999999996,0.6316417017442638,0.29824497521777427,0.07011332303796185,0.004926682749548798,-2.3895720017900284,1.888259546387779,3.0455834361027416,85.346832,85.346832,944.2484265464141,-5.9267957443728605,28.023146891425654,0.004506279888591098,1.030466,0.9231853930374964,0.05034726842854839,0.026467338533955328,0.0032844551663658655,-0.13162083855753298,1.1033962310450613,1.1112188298562238,19.174805,19.174805,105.38817525038307,1.2437585098687904,17.255651618575392,0.012423472068947396,0.50293,0.8437253372302582,0.11575178381616569,0.040522878953576064,0.02299118616456106,-5.357260163736659,0.8403139104177847,5.422763495672789,20.693359,20.693359,116.61955875998225,-0.08850668728699893,3.8160172422257976,0.012694440065163697,0.4638679999999997,0.7974296176663546,0.14663120306870697,0.05593917926493873,0.026275641330926924,-0.2373434500360469,0.3565677046385964,0.4283368315546199,14.555664,14.555664,163.14284717680363,0.3955811913727367,33.98181741031046,0.06942200063061643,0.07812499999999997,0.6558052265986518,0.2952513030108324,0.04894347039051609,0.004926682749548798,-1.428458931803215,0.8853414699163953,1.6805726518666504,46.414307,46.414307,507.1314758722008,-2.073107303071719,27.61814965181456,0.0036687424457407117,0.6203620000000001,0.9214087950164297,0.05634759250872269,0.02224361247484752,0.0032844551663658655,2.5143875385012047,143.32552613207312,143.34757962982613,4150.37678,4150.37678,367.2141833167056,4.826368568178321,28.95323932721942,0.007728335698144937,0.0,0.9011362410166561,0.06300687993630467,0.03585687904703925,2.517534885019436,3.695477926254129,152.86738593461445,152.91204739844991,6842.513069,6842.513069,738.1694147651347,4.74362770635886,44.74803120757484,0.0005222292290714174,31.638354,0.9253435062555786,0.046890922226706655,0.027765571517714978,0.026275641330926924,0.5223794744658244,19.61752897705465,19.62448275702884,2220.437196,2220.437196,8231.763424200382,23.505593427471453,113.14627873209615,0.0009163644962951285,0.0,0.8915913388501471,0.07398957853495935,0.03441908261489345,0.0032844551663658655,789.8998835526063,482.4550855779032,925.5834568726922,25660.400391,25660.400391,508.26384161490734,2.3619016488527707,27.72348641331585,0.004788743496768091,333.25195400000007,0.8736823946665645,0.06472671211443258,0.06159089321900294,0.0032844551663658655,0.0,0.0,0.0,0.0,0.0,0.0,0.0,0.0,0.0,0.0,0.0,0.0,0.0,0.0,0.0,0.0,0.0,0.0,0.0,0.0,0.0,0.0,0.0,0.0,0.0,0.0,0.0,0.0,0.0,0.0,0.0,0.0,0.0,0.0,0.0,0.0,0.0,0.0,0.0,0.0,0.0,0.0,0.0,0.0,0.0,0.0,0.0,0.0,0.0,0.0,0.0,0.0,0.0,0.0,0.0,0.0
IM-01R-A05,1,Tool Wear,1,604489,-0.16873904220093336,1.3813448584876307,1.391612906821829,24.053955,24.053955,104.80538262778067,1.1519562389764775,17.284946756447177,0.018733208930532947,0.646973,0.8308375705549882,0.12647022579801195,0.04269220364699968,0.023160057503114197,-6.694146335086329,1.050065650010636,6.7760042078559835,25.708008,25.708008,111.94804478628477,-0.19641954349912905,3.79397757312408,0.024341260703272853,0.5676269999999999,0.7754417007493339,0.16315405314373,0.06140424610693616,0.026468637146416226,-0.27888674185469053,0.44494054245606596,0.5251189399587707,19.665527,19.665527,149.4566293838429,0.3716925641038646,37.44966235943427,0.11341498921401252,0.13427699999999998,0.6073742882573799,0.31796309866636896,0.07466261307625094,0.004962869464953042,-2.4103444837226156,1.8811964236086254,3.057557933124068,85.37714,85.37714,952.0983013992276,-5.901467956258886,27.92331065098272,0.004089411204192639,1.0153119999999998,0.9211703194527254,0.052225886014861764,0.0266037945324129,0.0033085796433020283,-0.13494789459030684,1.1042257953783496,1.1124412530256622,19.282227,19.282227,104.86967837385838,1.1547947277559885,17.333254180888588,0.016615714455870092,0.5175780000000001,0.8347378929350675,0.12415053882840185,0.04111156823653058,0.023160057503114197,-5.355336217659875,0.8394773752367661,5.420733185438477,20.541992,20.537109,111.85983623658858,-0.19781333288915884,3.7895228001963317,0.024443826841889334,0.4541019999999998,0.7777983548191322,0.16338028230768778,0.058821362873179885,0.026468637146416226,-0.2231206828709869,0.353691989209177,0.4181875923022586,15.683594,15.683594,152.30117787769464,0.37461624557624434,37.5037286822804,0.0939042627810643,0.10253900000000005,0.6336193986071873,0.31518320152920765,0.051197399863605005,0.004962869464953042,-1.4410606144462512,0.8803518273383522,1.6886903311164494,46.419434,46.419434,520.3317905812909,-2.0868124151848377,27.488422918434413,0.0032688820952607826,0.6049799999999999,0.9188418482940731,0.058942488375646584,0.02221566333028025,0.0033085796433020283,2.5748269583731056,142.94536131273475,142.96854918020904,4156.129208,4156.129208,371.36900422918234,4.804343159124492,29.07023420067921,0.01111353740686333,0.0,0.9013590695838611,0.06338065200751065,0.03526027840862859,3.492205813505291,3.8859286018802677,151.30607335497328,151.3559654430557,6825.255785,6825.255785,765.8265019976897,5.343043677080996,45.09406527202821,0.0006848771191487672,34.514568,0.9230683024713238,0.04824071518171677,0.028690982346959562,0.026468637146416226,0.5103814475350255,16.301552598681692,16.30954034758717,1823.519666,1823.519666,9098.256498158951,22.194049664045497,111.80693184095597,0.0009892669498815527,0.0,0.887134874848041,0.07636657470230693,0.03649855044965212,0.0033085796433020283,796.9739278632397,479.5272447067979,930.1149499442819,25612.792969,25612.792969,519.5948104383064,2.3391087104624773,27.537233941390063,0.003129921520361033,333.25195400000007,0.8715933928346857,0.06666439551412795,0.061742211651185944,0.0033085796433020283,0.7759215642153952,1.1622431789273853,1.3974489188437977,24.072266,24.072266,178.1912824044406,12.182400225978295,17.225864699166667,0.055468429480816824,0.207519,0.7663735162178337,0.1421650046705699,0.09146147911159642,0.023160057503114197,6.720513204647231,0.9287601139323151,6.784385976864034,32.287598,32.287598,144.8285187586322,7.84669395950457,4.759103935139668,0.022031868291843677,0.5737300000000003,0.7362437922110797,0.16900841631061192,0.09474779147830822,0.026468637146416226,0.43702228037234764,0.2909657300717907,0.5250233610212568,19.567871,19.567871,723.1104945539715,15.550815563174288,37.27047680685536,0.08654100660393589,0.12207000000000001,0.4707614947247149,0.3350173921791687,0.19422111309611667,0.0033085796433020283,2.625484928655443,1.5396917124747311,3.04365268716065,81.317139,81.317139,459.83618780231785,12.257627029483677,26.716957339787278,0.003136538690594354,1.0986320000000003,0.8834146811208318,0.062496319607076946,0.05408899927209132,0.0033085796433020283
IM-02F-A01,2,Chatter,1,92362,-0.05139490086832248,1.493441723178435,1.4943258066316856,23.248291,23.248291,97.81132306867447,-0.25076851336713735,15.557712312017996,0.003031582594385076,0.5371090000000001,0.8273502623291,0.1384854134178263,0.03416432425307382,0.03248089040947576,-6.732046627335918,1.36021695653714,6.868088668725533,26.45874,26.440428999999998,88.33794772739698,-0.9333995108197124,3.852416775060328,0.0037461699202044154,0.5554199999999998,0.8017669071289963,0.15247103883641275,0.04576205403459076,0.048721335614213636,-0.362613098103116,0.8377630855670937,0.9128719770344785,19.116211,19.116211,154.38234790681238,-1.1858889318699914,20.940735920167253,0.0026742889314754063,0.06713800000000003,0.7016260411183727,0.2638079696202619,0.034565989261365386,0.005413481734912626,-1.0379361422554731,3.549259391909879,3.697912068513888,85.37714,85.37714,485.3344983566552,-21.87717314387206,23.08793135644008,0.05021600025984994,0.121232,0.9428528690532071,0.04493137604785133,0.012215754898941555,0.09744267122842727,-0.041058006052338114,1.1937483599375283,1.1944542296440381,18.78418,18.78418,97.82842200461964,-0.25555455938996946,15.726161399753185,0.00292334343871806,0.424805,0.8298959299064166,0.13646916121303052,0.033634908880552934,0.032481242082697245,-5.385593999729323,1.0872827176695665,5.494252127274776,21.186523,21.176757000000002,88.3092903096188,-0.9330433508401259,3.856125002859817,0.0037462104807275878,0.44433599999999984,0.8035918307905707,0.15295880615502966,0.04344936305439962,0.04872186312404586,-0.2901180911315382,0.6687850887852662,0.7290006870938626,15.322266,15.322266,154.85753029302413,-1.193690930742036,21.018177720904095,0.002566045907319186,0.05371099999999995,0.7166235135237854,0.2576967260642185,0.025679760411996048,0.005413540347116207,-0.8038980492956984,1.7270717721224413,1.9050010445465848,55.207031,55.207031,693.0141615332948,-25.225661804955813,28.980052876107475,0.08822000866175833,0.10766600000000004,0.9395975698100875,0.05027813121367787,0.010124298976234822,0.09744372624809172,3.9463629049176077,187.6403636750372,187.6818581010896,4846.420564,4846.420564,277.5048336776934,4.85458071608743,25.8225308137647,0.01812453308214506,0.0,0.9055364337691745,0.059199531967791374,0.035264034263034,3.036963253285983,7.19364903758039,228.4444949592692,228.55772982699898,7714.005907,7714.005907,497.20488205512834,16.351630885052614,33.75079859621866,0.0008553393748443607,20.133498,0.9280171360454592,0.04619300091772819,0.025789863036812646,0.03248089040947576,2.153812876464347,87.07522120235211,87.10185450003563,3698.811184,3698.811184,1024.2486538771348,9.156984912351541,42.46535513200224,0.002165416138846483,0.0,0.915835736841929,0.05523296177747228,0.028931301380598566,2.8745588012386043,437.2788243324636,943.6571748114599,1040.0488612477434,30921.020508,30921.020508,749.775255966361,26.375356086116312,29.73035369790622,0.08795920355994413,71.411133,0.9229226411909507,0.05156198993259229,0.025515368876456928,0.09744267122842727,0.7562414554037374,1.319266347365493,1.5206461896714347,23.303223,23.303223,144.33628816815525,11.408550466955512,15.324552915912093,0.043698097681922024,0.15869200000000006,0.7604171058998764,0.15010413902985145,0.08947875507027213,0.09202918949351464,6.783488183928456,1.2159554853290817,6.89160791715539,36.688232,36.688232,155.23947405218323,9.290145172325204,5.323609880456401,0.0040926365024198524,0.5554199999999998,0.759331841607469,0.15303847364566403,0.08762968474686697,0.03248089040947576,0.6921156621337781,0.6087639932941491,0.9217470853234724,19.110107,19.110107,501.4337960989493,20.34810248762239,20.73248432707939,0.012754301057805784,0.06713900000000006,0.5883091864747931,0.26614109114850126,0.14554972237670566,0.005413481734912626,1.4527194520906865,3.066356407516582,3.3930716798206113,99.6521,99.6521,708.7351846340741,25.483249065101703,29.36928818588015,0.08105152607702386,0.19531199999999993,0.9095404059614687,0.04791030983565573,0.042549284202875785,0.09744267122842727
IMP-01,0,Normal,0,172052,-0.06214044915490666,1.2340978664158349,1.2356613530062714,24.261475,24.261475,121.6670238477507,1.1516326373006986,19.634404637624744,0.039598723634271235,0.567627,0.8110807765989965,0.12346290391924446,0.0654563194817591,133.33468951247298,-6.7436629335549725,1.1074593315569494,6.833992678694923,26.116943,26.116943,108.91725967947903,-0.3965308303137149,3.8216229118038085,0.0030456085695520514,0.6103510000000005,0.7971992864018945,0.15556961687729806,0.04723109672080755,0.07846465022202591,-0.30533660964127124,0.9960858827620064,1.0418337348276794,19.940186,19.940186,133.75156059927076,1.4225394942637783,19.139508861553743,0.0017087956478021053,0.024414000000000047,0.7957872943658596,0.16611654640252815,0.03809615923161211,0.017436588938227977,-0.575709794910841,4.616526314504011,4.652285135335566,207.123668,207.123668,518.1382542180434,4.854198591863905,44.52084555755853,0.5034088729504623,0.25761700000000004,0.9232336967908938,0.06092197464397019,0.015844328565136095,0.08427684653476857,-0.04969916225327227,0.9819519737205391,0.9832088717166559,19.594727,19.594727,124.083669448475,1.1742915937431393,19.929363499119102,0.02351047073251536,0.45898500000000003,0.8159233365664861,0.12238468415691153,0.06169197927660238,0.08427684653476857,-5.394887540406389,0.8852267380813751,5.46703191425167,20.737305,20.698242999999998,108.93879914776679,-0.393694030899514,3.793156016876578,0.0027782459852020622,0.48828099999999974,0.8017683746516411,0.1563689930474134,0.0418626323009454,0.07846465022202591,-0.244369262257922,0.7959223834036329,0.8325916026116289,15.839844,15.839844,133.81485855299127,1.420981276574423,19.02474628655204,0.0016855467274238453,0.019531999999999994,0.8131154125453739,0.16353712924792724,0.023347458206698972,0.017436588938227977,-0.8044503085462535,3.101563860459221,3.204190799472913,63.804932,63.804932,211.97716266729472,-1.4111893829012074,19.912962739452304,0.5033507506495167,0.36401399999999995,0.9204578232058432,0.04409269945951214,0.035449477334644694,0.08427684653476857,2.071869746024458,116.88236556298749,116.90072721691828,3989.308797,3989.308797,500.67514772807965,5.030612381843053,34.12561146516678,0.24955391134024213,0.0,0.8693937027261208,0.0679645173959845,0.06264177987789482,4.190593541487457,3.2325728493013752,127.69772131491078,127.73862985114039,3566.505341,3566.505341,415.9477527405444,6.295012026366734,27.920335024386986,0.0009067078947521375,20.133498,0.9229894147281213,0.04170923327400744,0.035301351997871225,0.0871829446911399,1.1985339425580637,112.54017506552202,112.54655697705644,5625.874554,5625.874554,1166.6760278163597,10.5810166157096,49.98708716737449,0.0015460532051542856,0.0,0.8977122701042493,0.07742638075420526,0.02486134914154544,2.1911980099039825,447.8770067198928,1703.4043855394084,1761.3007448540016,30921.020508,30921.020508,211.61739199070354,2.1844200385506722,17.55578687986254,0.5033507506495167,214.23339800000002,0.9158361448819148,0.03736220205795619,0.04680165306012906,0.08427684653476857,0.6775913453955781,1.0350853141082266,1.237146571283094,24.237061,24.237061,211.2805412008478,13.112112922447311,19.5910990359556,0.3043632411319899,0.20751999999999998,0.646062723155083,0.14013598281770523,0.21380129402721182,0.2847976193243903,6.769927647071815,0.9332762134182235,6.833953821699382,26.025391,25.958251999999998,117.16611904665272,7.000527604731949,3.8082480038661326,0.002510883400852073,0.6042480000000001,0.7514921826841867,0.15222133863840473,0.09628647867740854,0.07846465022202591,0.6095560829051682,0.8946032796505695,1.0825311294222664,26.477051,26.477051,252.5024716221099,14.563776135022994,24.458466163583193,0.005602989811160644,0.024414000000000047,0.7353230817504317,0.163917266472347,0.10075965177722117,0.10171343547299654,1.939081437623509,7.00799822235998,7.2713187185225685,100.0,100.0,182.14969950372137,13.427803059367145,13.752663563662166,0.3599746586767877,0.7080079999999997,0.896406636056991,0.044265179617846234,0.05932818432516284,0.05521586497105527
IMP-01-A01,4,Workpiece Defect,1,173522,-0.032244533805511684,1.2301410273409077,1.230563552648817,24.334717,24.334717,122.29592457138858,1.104316804408477,19.775262275255066,0.0413552250159923,0.567627,0.8088776181963039,0.12348006897119744,0.06764231283249869,0.005762958011087931,-6.76454213573495,1.2198525439052943,6.873650451907325,26.092529,26.068115,108.18118886899202,0.40144819024762735,3.7960220966371296,0.0033367719180963686,0.4638669999999996,0.8140691944098408,0.141102797370537,0.04482800821962219,0.09797028618849483,-0.3099541134034877,1.007485828820912,1.054086926060039,19.958496,19.958496,131.09956551266217,1.3145453332576278,18.934392891676183,0.001694319419551524,0.03051699999999996,0.7972886553590296,0.1642779967515845,0.038433347889385815,0.017288874033263794,-0.5774067830764975,4.598009856775855,4.634122704045574,206.093202,206.093202,515.0117755535341,4.643479399925418,44.47297043301881,0.4998357547501455,0.27277100000000004,0.9230685608122394,0.061646542420397916,0.015284896767362709,0.07203697513859914,-0.025796693750648338,0.9784252963678453,0.978765308938241,19.443359,19.443359,124.90108595185166,1.1253679410023898,19.865190176276318,0.01449968591697835,0.458985,0.8137032205942049,0.12236063425941858,0.06393614514637683,0.005762958011087931,-5.411607905343415,0.9750645697042728,5.498749952149844,20.668945,20.664062,108.20249750793144,0.40412534808915695,3.7588443155010296,0.003094726286731865,0.36621100000000073,0.8179767977262954,0.14160531845569288,0.04041788381801184,0.09797028618849483,-0.24806605436198292,0.8050690151564048,0.8424208487992364,15.947266,15.947266,131.1492223215181,1.3119489195746248,18.930284100554726,0.0016712674546596666,0.02441399999999999,0.8142880581066723,0.16164697530992528,0.024064966583402563,0.017288874033263794,-0.8057331143543758,3.0933994300241707,3.1966116256500516,63.281982,63.281982,212.75602331402118,-1.4576282746807394,19.796581321364368,0.4997781248379159,0.39477500000000004,0.9209631889808386,0.04451188641309004,0.03452492460607149,0.023051832044351725,2.0543178013681267,116.43106650496173,116.44918835746275,4035.32822,4035.32822,505.3367866420009,5.047008276596422,34.65312448218015,0.2498487214803972,0.0,0.867647543868784,0.06869277015592896,0.06365968597528711,2.3858646165904034,1.3868389797432037,188.04871547511215,188.05382929947325,7593.204919,7593.204919,586.7305127224361,-10.379654197631156,40.37782664296573,0.0006339290345260804,20.133498,0.9175389050877559,0.0463088101551149,0.03615228475712912,0.19882205138253362,1.2463450293276934,120.48671457737566,120.49316065894412,6140.716857,6140.716857,1181.5582079043656,11.056691761715445,50.96319843730632,0.0016482154897678092,0.0,0.887261181111083,0.08389562938399178,0.02884318950492535,2.4780719447678106,450.09181844001336,1699.2425314873567,1757.8418091063252,30992.431641,30992.431641,212.64524851520477,2.2287912399223666,17.63095602826533,0.4997896508203618,214.23339900000002,0.9160846597280733,0.037657728247564526,0.04625761202436186,0.023051832044351725,0.6726655884383536,1.0317689629478308,1.231676169604478,23.846436,23.846436,212.32122449068248,13.119133038211098,19.360962392945936,0.31057912298799567,0.219727,0.6408647347563824,0.13999651474888758,0.21913875049473003,0.1930590933714457,6.807639416638812,1.0603201619583207,6.889719389991856,36.553955,36.535644000000005,176.27418559915884,9.573321257270257,5.305579651487549,0.0026221610064487873,0.4577629999999999,0.770627663785768,0.13855932440941568,0.09081301180481637,0.09797028618849483,0.6272303967508444,0.9127405936387032,1.1074806372502202,28.808594,28.808594,272.0564582466494,15.022460930743359,26.01272928033241,0.0074918885898536776,0.030517000000000016,0.7401407600893242,0.1606594411018812,0.09919979880879459,0.0922073281774069,1.9481039083113383,6.978240882038507,7.2450641574337675,100.0,100.0,183.53031311232994,13.471702860944847,13.802500271498,0.3520035038986636,0.7324219999999997,0.8947927415805007,0.04618527237298669,0.05902198604651261,0.04898514309424742
IMP-01-A02,4,Workpiece Defect,1,174954,-0.035914645358208444,1.2722959075954976,1.272802709863338,24.127197,24.127197,118.14950174145662,0.7058255476326021,18.955959798821105,0.03092259063862866,0.561523,0.8176450154010744,0.11867880287444772,0.06367618172447811,0.0800210341003921,-6.739496910530768,1.1063664476673891,6.829704629307034,25.921631,25.88501,109.93894434584845,-0.3033986253591871,3.7954248985772177,0.0033951975673466588,0.5676269999999999,0.7989538755754426,0.154135253424159,0.04691087100039837,0.0800210341003921,-0.2959782229328852,1.0103273422828016,1.052788890050963,20.098877,20.098877,133.06708377772213,1.1771900355358367,19.09108007306865,0.0016232931130074934,0.02441399999999999,0.7977937982888431,0.16390230093485605,0.038303900776301004,0.01714736445008402,-0.5626022918538588,4.579085618789451,4.613517794807296,207.335823,207.335823,521.6619101654928,4.742957087580656,44.940939261871925,0.4954016221499488,0.272771,0.9224716735801454,0.06190804250423687,0.015620283915617908,0.020005258525098026,-0.028739889342341413,1.0125401973172885,1.0129479909762118,19.394531,19.394531,120.32749745440732,0.7211463751158899,19.14662072759416,0.01360365355266843,0.454102,0.821655206924013,0.11775734326793887,0.06058744980804827,0.0800210341003921,-5.391548199298102,0.8843895672661001,5.463601091957915,20.561523,20.561523,109.98290336405856,-0.300840056947078,3.763364611348603,0.0032694495092967825,0.44921899999999937,0.8022392837782161,0.15453128769775948,0.04322942852402466,0.0800210341003921,-0.23686906482275344,0.807318008512407,0.841349701811586,16.000977,16.000977,133.10359607816906,1.1793894088324435,19.01822389138173,0.0016347247546483912,0.014647999999999994,0.8147733912916396,0.1613227971235928,0.023903811584767436,0.01714736445008402,-0.7887905640168272,3.0788266654571697,3.1782643360507477,63.261475,63.261475,214.81264611495206,-1.4483206445083456,19.90440954908349,0.49536732722502613,0.41015599999999997,0.9204175743116044,0.044772883332039874,0.03480954235635567,0.020005258525098026,2.1125181359042946,120.43540722148121,120.4539332918545,4058.337932,4058.337932,450.8614104751332,4.6970165423543815,33.692033303444134,0.25037581521894453,0.0,0.8704093515899617,0.06886520359386586,0.060725444816172404,4.384009511071481,2.7851702171370776,127.77802699252716,127.80837748458208,3603.896123,3603.896123,409.72502138111804,5.972955034901635,28.197651780962083,0.0006173086486084834,20.133498,0.9225834217458119,0.0415499087571582,0.03586666949702973,0.0885947163254341,1.2682013527327185,127.13619518861799,127.14252027433407,6287.40377,6287.40377,1183.0165940011766,11.180055085196447,49.45162134928374,0.001657588037930187,0.0,0.8984878831521593,0.07185135863677375,0.029660758211067187,2.2834573659361888,440.02129887549296,1690.8101888872595,1747.1284550109779,30944.824219,30944.824219,214.60307413271926,2.2245734994931565,17.71181971780407,0.4953558955833853,238.037109,0.9158826600849415,0.03794927565434493,0.04616806426071352,0.020005258525098026,0.6765952582621718,1.0803532239267446,1.2747330041823524,24.090576,24.090576,196.09558140462917,12.713222757303212,18.898526923645736,0.3039673512314736,0.207519,0.6606382373738136,0.1322225330895314,0.20713922953665484,0.28578940750140036,6.76680333497948,0.9247602889097662,6.829700503406712,25.756836,25.683594,121.40334768626275,7.209027832785799,3.7712980220951526,0.0027207307105336863,0.5676269999999999,0.7526516111130672,0.15180503920955324,0.09554334967737957,0.0800210341003921,0.6178181676097717,0.9322678839296992,1.1184018489055958,29.632568,29.632568,288.8263461797986,15.39495395700119,26.49545691380673,0.00651603573531177,0.02441399999999999,0.7420811220770952,0.158979383283855,0.09893949463905005,0.09145261040044811,1.909347032888645,6.955654994190968,7.2129565706591094,100.0,100.0,184.84382903409002,13.517167099386391,13.863940399527754,0.370613821997908,0.7690429999999999,0.8976621585337182,0.044547731759841384,0.05779010970644041,0.04001051705019605
IMP-01-A03,4,Workpiece Defect,1,174482,-0.038475152835249486,1.2735839984716573,1.2741650358367043,24.139404,24.139404,118.01091838016934,0.7055319939620964,18.94527264605751,0.040783810271605506,0.561523,0.8162838410777641,0.1185985283753821,0.06511763054685368,0.08023750300890636,-6.7378718822686565,1.10727212237957,6.828247875909716,25.921631,25.915527,109.80607322629315,-0.3126895653750344,3.7962346228601884,0.0033012190439073597,0.5615230000000002,0.7981759428664815,0.15400791851438314,0.04781613861913539,0.08023750300890636,-0.2978401281966048,1.0147222841197832,1.0575301678219113,20.147705,20.147705,132.07900891989212,1.147154513841344,19.05165981363558,0.0016391469558290014,0.030517000000000016,0.7984251721746748,0.16246139284396205,0.03911343498136309,0.01719375064476565,-0.5680735402161827,4.589480869388468,4.6245045353612175,208.260211,208.260211,525.502077660474,4.890720546379138,45.03405919651302,0.49675322814518486,0.27276999999999996,0.9232327220374797,0.06099139307514282,0.015775884887377443,0.022925000859687534,-0.03081430871952408,1.013276919254157,1.0137453510201946,19.277344,19.277344,120.27152962659642,0.7179775544214697,19.01596291474976,0.014695009771837622,0.45410100000000003,0.8207821217418405,0.11808135976932277,0.06113651848883695,0.08023750300890636,-5.390257581297784,0.8851070845953312,5.462443715402392,20.615234,20.615234,109.83880339193234,-0.3091646984011223,3.773994767556406,0.003209518514909933,0.44433599999999984,0.8025515275837116,0.15443081973923511,0.04301765267705326,0.08023750300890636,-0.23834901185222546,0.8109052531264933,0.8452086020616889,16.069336,16.069336,132.16608666717698,1.1455347056588963,19.012272190323916,0.0016162218235796447,0.02441399999999999,0.8153336194074676,0.15988337189508967,0.024783008697442797,0.01719375064476565,-0.7955127305338087,3.0841791750295435,3.185121926728594,63.687012,63.687012,214.18188344585863,-1.425805623617048,19.995156689468487,0.49670737788068614,0.399903,0.9203048574845855,0.044328196860148814,0.0353669456552656,0.022925000859687534,2.1129248692644516,120.58896109458112,120.60747070299398,4055.461718,4055.461718,449.78895903325457,4.6376480186533895,33.62529447273557,0.2514887007754426,0.0,0.8690668561507864,0.07060524671660548,0.06032789713260836,3.3069313740099266,2.789292270165405,127.95850671631445,127.98890417703205,3589.515053,3589.515053,408.68957341207476,5.960051107538341,28.04551750857281,0.000653366269106665,20.133498,0.9227736353334807,0.04192067792951896,0.0353056867370004,0.0888343783312892,1.2804511293027359,129.48037127515846,129.48670240857712,6405.328544,6405.328544,1178.05158413491,11.176793847696795,49.46707596111981,0.0017308474848264281,0.0,0.9021309397129474,0.06449721420586287,0.033371846081189815,2.2839032106463706,444.68582220253086,1694.5546727228234,1751.9306548247553,30968.62793,30968.62793,213.83945918901668,2.2139507029886976,17.676857154541757,0.4966959153145615,214.23339900000002,0.9157258055387052,0.037391464092614714,0.04688273036868026,0.022925000859687534,0.6756148768755517,1.0823945615584043,1.2759441401357572,24.151611,24.151611,194.71655639448824,12.66265865858266,18.928423463295445,0.304606232197202,0.20752000000000004,0.6586822333378464,0.13280120754222613,0.2085165591199275,0.295159386068477,6.765248290580116,0.9257017678859399,6.828287354546846,25.909424,25.909424,121.45975351485873,7.21460316948916,3.7944249640793655,0.0026363902086760163,0.5615230000000002,0.7509995182342714,0.15224941770448186,0.09675106406124669,0.08023750300890636,0.6227272362421339,0.9392660435104817,1.12694716435581,30.090332,30.090332,293.80902625427944,15.497691267192266,26.70074778279455,0.006636825786188754,0.030518000000000045,0.745716704245015,0.15755590161089028,0.0967273941440949,0.09170000343875014,1.916582340459188,6.960852932442472,7.219886523682556,100.0,100.0,184.6528360497103,13.514796815534904,13.850633202056793,0.3598901886165256,0.7141109999999999,0.9024143017185402,0.042371230388968034,0.05521446789249188,0.04298437661191413
IMP-01-A04,4,Workpiece Defect,1,173821,-0.04121556841233223,1.27460986909896,1.2752760648126424,24.243164,24.243164,118.01360256043499,0.7239502700949493,19.01013017409818,0.03625589690484409,0.561523,0.8182373500191666,0.11862791918799599,0.06313473079283749,133.33256626069348,-6.737087239418712,1.1099333857697111,6.827905725212136,25.970459,25.927734,109.21829489797743,-0.31071693254942206,3.803576095683882,0.0033713036474513863,0.5615230000000002,0.8008250017949671,0.1525960898614101,0.04657890834362275,0.09780176158231745,-0.3027201191455578,1.0146000530155141,1.0587977796135506,20.001221,20.001221,131.72205150407996,1.23131239569301,18.890501458456235,0.0016338741226556207,0.02441399999999999,0.7987008679384788,0.16299837844545453,0.03830075361606667,0.01725913439687955,-0.5659629402949011,4.59506088442109,4.629783859028841,205.77497,205.77497,516.3517916389131,4.665943880343263,44.44591286884914,0.49863076746059143,0.25761599999999996,0.9230233580896747,0.06191958457907047,0.015057057331254743,0.023012179195839397,-0.03296572355469132,1.014208103545752,1.0147437194816014,19.550781,19.550781,120.2163801018122,0.7373417058896846,19.26671791571949,0.015625359567368543,0.45410100000000003,0.8227289314727262,0.1180063954953464,0.0592646730319276,0.08054262718543789,-5.3896299937004155,0.8871913002745908,5.462162563699296,20.65918,20.649414,109.24986938920112,-0.3073427471308218,3.782234556199,0.003336785180071338,0.44433599999999984,0.8039094876910665,0.15312497132513136,0.04296554098380232,0.09780176158231745,-0.24225424475178492,0.8107470133167479,0.8461665549419244,15.957031,15.957031,131.7783828030269,1.2299597511729539,18.8580261259501,0.001587849499482223,0.01953100000000002,0.8151532276813874,0.16028865318058821,0.024558119138024255,0.01725913439687955,-0.7950799607814937,3.0884695080810873,3.1891685509522594,63.415283,63.415283,213.54417594234286,-1.4319071297248127,19.88458182339241,0.498584742837418,0.38964899999999997,0.9208634800746478,0.04496359336150616,0.034172926563845775,0.023012179195839397,2.1167072450509434,120.78910709937973,120.80765225525528,3995.061225,3995.061225,448.1663503779924,4.6818355743906315,33.069604039310434,0.25496490622483026,0.0,0.8731025396106715,0.06884631890252568,0.05805114148680263,4.3838201368074055,2.7996345347397615,128.2151663301584,128.24572831325924,3580.886411,3580.886411,407.00053790025333,5.941415285574232,27.922071620609096,0.0006673570360142677,20.133498,0.9241611863122908,0.04103397055496993,0.0348048431327394,0.09780176158231745,1.373151793304607,127.17852405776631,127.18593683013583,6270.146486,6270.146486,1175.248987276154,11.066537824470162,49.29905492911644,0.0016051087331722471,0.0,0.8977372650800148,0.07148696146591774,0.030775773454067398,2.2839587851870604,444.25340601010816,1696.7661307117494,1753.9602022514944,30968.62793,30968.62793,213.34158446651998,2.2245365466155653,17.65640285922492,0.498584742837418,214.23339900000002,0.916811970526683,0.037549166576865335,0.04563886289645194,0.023012179195839397,0.6748912131157916,1.0846435001711137,1.2774700278301443,24.09668,24.09668,194.3729907792667,12.653876330548368,18.862814371410018,0.3063053733747555,0.219727,0.659974303550296,0.13310870682889586,0.2069169896208083,0.19272700076515495,6.764507043936003,0.92816203307531,6.827886957697989,25.854492,25.817871,120.51895493849715,7.182364329890227,3.7866022328988294,0.002807502013577264,0.5615230000000002,0.7528172551149935,0.15170213716611844,0.0954806077188881,0.09780176158231745,0.6218620481242197,0.9355981325158238,1.1234127791975426,29.846191,29.846191,284.72617844129593,15.260256481684488,26.567430558622657,0.007875963640547693,0.024414000000000047,0.7411671373525981,0.15875645827658902,0.10007640437081282,0.09204871678335759,1.9258602638346343,6.977024713983208,7.237942498759552,100.0,100.0,183.66053069409648,13.47591949185345,13.816081022630136,0.3597859855022437,0.738526,0.9030233575220972,0.04200369434871103,0.05497294812919198,0.046024358391678795
IMP-02,0,Normal,0,176346,-0.057388086233881135,1.023982473223374,1.0255893417495354,23.126221,23.126221,146.67061233226943,-0.07249592210511674,22.549201769735024,0.04446397686353455,0.531006,0.7831786988372923,0.14951729543850634,0.06730400572420132,133.3344674673653,-6.712730185799509,0.838497122494795,6.76489644944961,24.645996,24.597168,118.46089423665202,0.3962699766980686,3.643218515488909,0.003493152626952848,0.5187989999999996,0.75268627275637,0.19855865813556398,0.048755069108066124,0.08222471731709254,-0.18363395077291234,0.9221708052894342,0.9402767794668929,20.953369,20.953369,155.03359566201866,-0.09855409878834799,22.28425656951764,0.001803283336641243,0.04882799999999998,0.7755142593794108,0.18604850131242695,0.03843723930816218,0.07088337699749357,-0.582961830191782,4.5602714948557095,4.597381929125976,207.896517,207.896517,531.0141469985039,4.95011820513202,45.22063213476021,0.5058039638209192,0.25761700000000004,0.9222914803136825,0.06152795989046684,0.01618055979585079,0.08789538747689202,-0.04590184135733161,0.8127733040722879,0.8140684386785778,18.525391,18.525391,150.9504054021658,-0.07658046961487706,22.756552299301777,0.018197283733590405,0.424804,0.7873786517992583,0.14832686454043553,0.06429448366030614,0.0793893822371928,-5.370167007536321,0.6701344535580467,5.41181798240454,19.614258,19.614258,118.50242378357274,0.3947376075036698,3.6243380808024024,0.0033797385806232103,0.41503900000000016,0.7545972609285785,0.19929453298739028,0.04610820608403137,0.08222471731709254,-0.14698083375863358,0.7367586294302642,0.7512766757542422,16.567383,16.567383,155.17765258417293,-0.10084150442331821,22.052305807800064,0.0017806005273753155,0.03417999999999999,0.7912386929079415,0.18256156861198425,0.02619973848007423,0.07088337699749357,-0.8194288147505472,3.0652903433258696,3.1729274292568235,63.276855,63.276855,216.6088110721964,-1.4232646523347954,19.942736293474248,0.5057585982023873,0.37426800000000005,0.9201560562141083,0.044220724948734,0.035623218837157807,0.08789538747689202,1.5869689228051675,82.29816335903647,82.31346282736867,3618.277193,3618.277193,764.2988986945418,7.100480474900162,43.95729530403072,0.21341121097847968,0.0,0.87802674292332,0.06298344961291347,0.05898980746376677,3.1812459596475113,1.6901953027911039,69.50335477685249,69.5239029787497,2571.335302,2571.335302,617.779321607685,1.355919733834986,36.984910107620685,0.0006124358501800448,20.133498,0.9164498346986965,0.04359740160915014,0.039952763692153455,0.08222471731709254,1.1909117128315925,132.71317059283166,132.71851385360597,6917.294633,6917.294633,1357.4840775035573,12.279754783865561,52.120042879850686,0.0016898692903116051,0.0,0.8968148980893555,0.07057204330705752,0.03261305860358683,2.171866671203203,457.1243612534279,1683.2508047910364,1744.2178629635193,30968.62793,30968.62793,216.28998046936502,2.1858256473943207,17.755022802818132,0.5057359153931215,214.23339800000002,0.9152333898528887,0.03759496540268355,0.04717164474442791,0.08789538747689202,0.6100632479613941,0.8252979260323713,1.0263010441515388,23.010254,23.010254,302.3288409697599,15.381467945819143,22.420569608815885,0.307272675720888,0.21972599999999992,0.6028627182797291,0.16079858553942739,0.2363386961808434,0.08222471731709254,6.724758726656686,0.735462644691865,6.764856630667231,24.578857,24.511718,97.48716547227254,4.953512858056664,3.633315285438021,0.00305083784626726,0.5187989999999996,0.6922957065409721,0.19486004490868153,0.11284424855034629,0.08222471731709254,0.6108043927619565,0.8320145166851991,1.0321483237365685,32.653809,32.653809,512.5008332268953,20.41894378624922,31.63674081433098,0.010536164904023364,0.04272500000000007,0.7111194086554985,0.1785116252300772,0.11036896611442439,0.2778628378301748,1.956184031528926,6.922858190664177,7.193929489038298,100.0,100.0,186.5237234600291,13.580287882046498,13.900608860897835,0.3625847061158525,0.6958010000000001,0.8931675848890054,0.0457806819851027,0.061051733125891995,0.05670670159799485
IMP-03,0,Normal,0,148169,-0.03834607996274524,0.9111462531661422,0.9119528038814337,23.358154,23.358154,144.6167659800651,0.8352231113150712,25.61333645840391,0.02598401814156903,0.561523,0.752494216241835,0.16824186672560787,0.07926391703255721,0.0776140758188285,-6.731234018816352,0.9299480757102104,6.795168492361882,25.585938,25.500488999999998,148.66976544032926,-0.9069016112258661,3.765313255846401,0.0034352896711840612,0.5249030000000001,0.7610373433520575,0.18669135918453,0.052271297463412456,0.07423955078322725,-0.18742464005291254,0.9739080842592535,0.9917786811000189,19.842529,19.842529,136.43322130932012,-0.034114231739519246,20.007013034391814,0.001835754008962799,0.042723999999999984,0.7967690731348819,0.1653409008781431,0.037890025986974704,0.07086502574762601,-0.5863821761367088,4.971581922475718,5.0060434345277285,206.39628,206.39628,441.2957404319658,4.381091241190001,41.22942253685649,0.49512715296150317,0.27276999999999996,0.9237183579859106,0.06154791555825327,0.014733726455835977,0.02362167524920867,-0.030688533660887238,0.7221368532023923,0.7227886418942324,18.383789,18.383789,149.6561154660015,0.8479673880515076,25.43452945223529,0.015036985044004103,0.454102,0.7610349262542181,0.16729885822304585,0.07166621552273589,0.0776140758188285,-5.384961158406955,0.743352517259699,5.436026089200446,20.556641,20.50293,148.75958805479263,-0.9047564675207783,3.7815567222606097,0.0032598131850332056,0.41503900000000016,0.7632727017394219,0.187507223875265,0.049220074385313214,0.07423955078322725,-0.15004707324744043,0.7780645331402721,0.7924004933876002,15.722656,15.722656,136.47256115429158,-0.03574943195610073,19.841804909514757,0.0017547648615085579,0.034179000000000015,0.812783055678687,0.16242486404698422,0.024792080274328863,0.07086502574762601,-0.8117944386545094,3.3414397886040113,3.4386378220883356,63.281982,63.281982,182.30397734601704,-1.3134200971784542,18.40321233992823,0.4950731601965337,0.389648,0.9231350811457227,0.044037061280596854,0.032827857573680404,0.02362167524920867,1.3454257771598646,77.42785828368086,77.43954680213213,3868.507809,3868.507809,1269.3325853823055,9.305057934972806,49.955196908428825,0.1723584039738675,0.0,0.8853345448751189,0.056693941306786705,0.05797151381809445,3.1045630327531395,3.3206645562297115,117.43907002115853,117.48600759464752,4495.522458,4495.522458,764.5700865389545,10.631245977103923,38.26432228006707,0.0008503860482695319,11.504856,0.9229726667458191,0.04238666241397746,0.03464067084020347,0.0776140758188285,1.2517448515681417,118.39219366835216,118.39881074900218,5565.47406,5565.47406,1076.7004412636638,10.372073871217571,47.00616522068321,0.002227201554991631,0.0,0.9016560804986408,0.0700954780188365,0.02824844148252268,2.291302499173241,452.63245773748895,1834.7917287123119,1889.7980922703339,30992.431641,30992.431641,182.10224396518853,2.026058633944458,16.399863968413065,0.4950596620052913,214.23339800000002,0.91997797225579,0.03668403449909883,0.04333799324511136,0.02362167524920867,0.6164150301007633,0.6772945386577567,0.9158031346472605,23.425293,23.425293,421.6200968343407,17.22875358887488,25.578961365995664,0.3110658171804978,0.22583000000000003,0.5765862913399559,0.18290507197435776,0.24050863668568642,0.03037072532041115,6.747508233793843,0.8127925843159157,6.79628568780291,25.585938,25.494384999999998,146.61618855554624,7.48623844075684,3.764694301465036,0.002881863830246747,0.5249030000000001,0.7104352254654206,0.18158609131608333,0.10797868321849606,0.07423955078322725,0.6100745927825659,0.8422763099714764,1.0400098033662857,26.489258,26.489258,323.20178123875064,16.479684994534225,25.470200294516484,0.01100102586253442,0.04272400000000004,0.7284215976225991,0.16555861489534984,0.10601978748205103,0.07423955078322725,2.039443808799412,7.543620971339109,7.81444485606479,100.0,100.0,156.49004483682043,12.463091691127088,12.796814340866455,0.32880244047297663,0.7263179999999998,0.9012205509759619,0.04316850085631272,0.05561094816772549,0.04724335049841734
IMP-04,0,Normal,0,132360,-0.01679070729072227,1.141694023053952,1.1418174854714918,22.784424,22.784424,123.67138538027783,-0.293263309531102,19.95452363438944,0.020482173482725012,0.5737300000000001,0.7709482435096416,0.1635213292276028,0.06553042726275538,0.10199456029011784,-6.723597315729828,0.896957774810338,6.783162545146774,22.949219,22.949219,97.83679746722521,0.6424497084003586,3.38326243065187,0.004578457075076119,0.5187990000000005,0.7490735130935279,0.1982423854773825,0.052684101429089594,0.09443940767603505,-0.26292767011937146,1.1616593522594036,1.1910429926774844,20.08667,20.08667,106.005966170211,0.45933892189180353,16.86477324789497,0.0022967837472329046,0.036621000000000015,0.8002282080478168,0.16220533294193507,0.03756645901024808,0.09821698398307645,-0.5876366094061651,5.251982021875279,5.28475467196118,207.305515,207.305515,395.54245641359347,4.187496516931647,39.22708391742026,0.4894567048708437,0.24246300000000004,0.9235763531208216,0.06236233763773559,0.014061309241442667,0.07177394983378664,-0.013433448043215472,0.9075013385495732,0.9076007585913515,18.320312,18.320312,126.48236117152413,-0.2933142456483304,20.185430462215763,0.011279928074403705,0.463867,0.7755531798075426,0.16243743811977399,0.06200938207268337,0.10199456029011784,-5.378851106550317,0.7169170222610202,5.426417717356929,18.369141,18.369141,97.84143013973114,0.64537824008056,3.385132136297672,0.004442463300568907,0.4101569999999999,0.7512088971722105,0.1990479311381474,0.04974317168964222,0.09443940767603505,-0.21043157957086736,0.9281518270147249,0.951707551546935,16.025391,16.025391,106.11974599606614,0.4587736058807758,16.8385666100388,0.0022363420696741437,0.02441399999999999,0.8165628014311691,0.1593370387707077,0.024100159798123195,0.09821698398307645,-0.7987181444696283,3.530760135354142,3.6199748352317322,63.0,63.0,163.15732075631115,-1.2686666095001364,17.40343589873797,0.4894113736126746,0.384521,0.9256267219051444,0.04356259214179959,0.030810685953056006,0.07177394983378664,1.567814772869447,91.95746942337703,91.97083356104451,2893.471268,2893.471268,448.1718939381842,5.402938072744276,31.460748543498777,0.19846024826419056,0.0,0.8583317467176067,0.07740127780940483,0.0642669754729887,3.7737987307343603,1.3443627639090363,76.9957040285044,77.00743957622558,3068.920322,3068.920322,640.1530486418447,-8.093465902727386,39.85225763755252,0.0011937231317855226,17.257284,0.916451973826946,0.043586807069925695,0.03996121910312818,0.10199456029011784,1.8975493659413722,160.6981952129103,160.70939810192436,6813.750929,6813.750929,848.938526090967,9.46640625329978,42.39796184588169,0.0025234400380782568,0.0,0.886590397840036,0.0822166571609077,0.031192944999056588,2.066334239951647,444.48916172334543,1938.6400327646045,1988.9433857018325,30921.020508,30921.020508,163.02115427582098,1.9296514356559424,15.546455836946306,0.4894113736126746,214.23339900000002,0.9234574135264497,0.035874905265833396,0.04066768120771691,0.07177394983378664,0.6596367514505893,0.9334422673253846,1.1429939239969045,22.76001,22.76001,240.17135666393497,13.937374673107293,19.912625537335437,0.31570199230879653,0.22582999999999998,0.596935471921052,0.1792326323390979,0.22383189573985013,0.3362042913266848,6.736642589453006,0.7924923067422778,6.783096448840884,22.98584,22.98584,72.82031031566716,4.053349784747477,3.388694259821101,0.00374738400864316,0.5187990000000005,0.6886384144129012,0.19932619925381065,0.1120353863332882,0.09443940767603505,0.661634024599577,1.1105169427593475,1.2926745385685452,32.373047,32.373047,237.89079699587438,13.877314353478125,25.04346301726387,0.007932970179587334,0.03662100000000007,0.7408896904983795,0.15855323462261015,0.10055707487901036,0.049108491991538224,2.084520281384104,7.971595921351166,8.239633871526342,100.0,100.0,139.79321258306425,11.796920614162744,12.136461590310397,0.27100537175409306,0.6713870000000002,0.900417895839525,0.044743158013779594,0.05483894614669515,0.049108491991538224
IMP-05,0,Normal,0,156752,0.044538946986322346,1.2032560355799897,1.2040800658421034,23.760986,23.760986,130.00271485238136,-0.8638746567285341,19.73372591579461,0.024420896836383817,0.585938,0.7947017135157005,0.1427174848104204,0.06258080167387914,0.07655404715729305,-6.749775848984382,1.0412519646999725,6.829617827193876,25.756836,25.756836,107.52000318596635,0.3043210028541553,3.7713436756947876,0.003177013224796014,0.6042480000000001,0.778408008539788,0.1699253935590925,0.05166659790111929,0.07655404715729305,-0.21841281549198738,1.0361986440838933,1.0589673214846793,20.361328,20.361328,126.00717887160721,0.4143763329977782,19.22753194258467,0.0018500679421502894,0.030518000000000045,0.7889233143503446,0.17193365612197886,0.039143029527676544,0.08293355108706747,-0.5790960464108912,4.815072189551238,4.849770347300836,206.153817,206.153817,462.44607069487785,4.443463587787961,42.507954446695805,0.49380227239379654,0.27277000000000007,0.9214134926586384,0.06332242975924185,0.015264077582119786,0.022328263754210473,0.03562089676686741,0.9570612259255002,0.9577238842466533,18.979492,18.979492,132.63753491644067,-0.88269763528719,19.817290047986315,0.010551766814884754,0.463868,0.8000413747015153,0.14184365852366462,0.058114966774820136,0.07655404715729305,-5.3998305506851585,0.8322166518809687,5.46358440328149,20.654297,20.654297,107.47567515877716,0.3031181311080154,3.780356534365022,0.002972867796696672,0.48828099999999974,0.781441952887811,0.17071117272752898,0.047846874384659975,0.07655404715729305,-0.17482500746401958,0.8279511991612314,0.8462074044980435,16.210938,16.210938,126.09930508872412,0.41657459620995274,19.157168696267863,0.0018373088528940804,0.024414000000000047,0.8048912303209875,0.168806800416142,0.026301969262870616,0.08293355108706747,-0.8061207884492703,3.2492589027153085,3.347762557656197,62.287354,62.287354,192.5826909225721,-1.406375402141194,18.60566659889046,0.4937639951260279,0.39477500000000004,0.9234456561507608,0.04371231632033761,0.03284202752890179,0.022328263754210473,1.870038182702613,119.86394274862339,119.87852941227644,4432.24575,4432.24575,506.32655979870384,6.013314802051275,36.97280715512436,0.21106085447620748,0.0,0.8798708944632572,0.06403177784115739,0.056097327695585376,2.969659079309993,2.5620822226638262,121.03675329750524,121.06386708723966,4173.386492,4173.386492,506.3614380114293,-0.9336083311442326,34.47260187874737,0.0011355589438025915,20.133498,0.9183328547482791,0.04482173694885315,0.036845408302867935,0.07655404715729305,1.5579798251952128,145.98966999159907,145.9979830182312,6756.22665,6756.22665,1061.5269768405296,10.432382838217107,46.276164302600876,0.002028695191737214,0.0,0.8915641745662971,0.06890702860321564,0.03952879683048747,1.7830713483719505,449.362164206007,1783.9025328384978,1839.6289303246767,30968.62793,30968.62793,192.4969239512431,2.107541235126718,16.834170967584388,0.4937639951260279,214.233399,0.9199891758245021,0.03600871008282256,0.04400211409267548,0.022328263754210473,0.678811040650199,1.0027367388029031,1.2108944612366876,23.364258,23.364258,237.31291084633912,14.134547150821419,19.295040771875414,0.3273089166895267,0.24414099999999994,0.6340392000503086,0.1568949761063266,0.20906582384336478,0.0063795039297744206,6.77204862707334,0.8890273365961311,6.830154625823716,25.390625,25.384521,97.02142230221982,5.8687821303411365,3.717430481588533,0.0026411314760352404,0.6042480000000001,0.7312236466733175,0.1673773644512087,0.10139898887547381,0.07655404715729305,0.627419166977136,0.9714516943779813,1.1564485313234367,31.80542,31.80542,329.8403822950267,16.30154245671641,27.50266798609875,0.006660244591741042,0.036621000000000015,0.7315103068413003,0.16458053182030108,0.1039091613383988,0.08293355108706747,1.9966511022762068,7.3336632289522985,7.600607342831745,100.0,100.0,165.75835992139676,12.815010867398842,13.1568433270417,0.3224477036829111,0.750732,0.8917041614152851,0.04758229599577368,0.06071354258894158,0.044656527508420946
IMP-06,0,Normal,0,140838,0.014368023083258782,0.9978041802873425,0.997907622120513,22.076416,22.076416,137.64383218988877,-0.01780919878966741,22.122705058699236,0.01897228711205152,0.592041,0.7602729132949633,0.16574119425317665,0.07398589245186013,0.06745338615998522,-6.746242682024738,0.8847283730753399,6.804008716844567,25.970459,25.964355,138.16034118121388,-0.3662537662813039,3.816934998290843,0.0022650297862067494,0.4638679999999997,0.7459547127622195,0.19767903154585462,0.05636625569192568,0.06745338615998522,-0.1525151253922947,1.055447444237086,1.066409945105551,20.98999,20.98999,128.82527372560725,-0.39590723125193555,19.682852824410272,0.0019810135120742417,0.05493099999999995,0.8022186913006677,0.15839852576661578,0.039382782932716534,0.078103920816825,-0.5682061351978869,5.098127209994904,5.129693875989769,206.593281,206.593281,419.24020217101,4.2974874642193885,40.27399801906074,0.47471900139878015,0.28792400000000007,0.9224320815242941,0.06236183835409817,0.015206080121607362,0.049702495065252275,0.011456327262528581,0.7919053371540674,0.7919882009521628,17.617188,17.617188,141.71350648717228,-0.017332642751520903,22.244255632621606,0.01111923713228768,0.483398,0.7657667289325297,0.1645005900269387,0.06973268104053171,0.06745338615998522,-5.396993264438575,0.7071725143485189,5.443126790866198,20.74707,20.74707,138.16688486383683,-0.3724771118525618,3.8116088044861423,0.0021514232765537464,0.37109399999999937,0.748650212360521,0.1986264328878451,0.05272335475163396,0.06745338615998522,-0.12208990819239125,0.8433015162571208,0.852093535360987,16.757812,16.757812,128.94793797307344,-0.39741733413770264,19.666634359455152,0.001910009443541115,0.04394500000000001,0.8185666706257707,0.15557617212214198,0.025857157252087228,0.078103920816825,-0.7803353069981113,3.4299091535058426,3.517555968659347,62.677002,62.677002,172.91303084433855,-1.346015460130113,17.818338232124336,0.4746763989576603,0.41528299999999996,0.9240314692227601,0.04453475937002592,0.03143377140721404,0.017750891094732955,1.4762147185702723,91.81969080145197,91.83155682427238,3422.694642,3422.694642,806.0929543142678,8.062185664018644,37.27144306776397,0.187493343368575,0.0,0.8803044940369369,0.057649351328647236,0.06204615463441608,3.1348073673298398,2.53179452729377,108.5634332211585,108.59295104330378,5010.364761,5010.364761,1041.8116702093598,14.262411299483716,46.13895020683257,0.0010792618417035296,11.504856,0.9238693963283454,0.04107015190663642,0.035060451765018256,0.06745338615998522,1.8186328144889876,152.2387003513707,152.24956259375057,7017.962122,7017.962122,1028.9968016924836,10.530650996767415,46.09512173592326,0.002257929379353437,0.0,0.9040939685620396,0.06608065847305067,0.029825372964909686,2.2117610304037263,435.29043268168397,1884.3777547318311,1934.0003317766998,30992.431641,30992.431641,172.84804709065375,2.041912180982589,16.02503946445982,0.4746763989576603,238.03710900000004,0.9214648238923482,0.03713092289195594,0.041404253215696046,0.017750891094732955,0.6478621811087917,0.7623847213819346,1.0004778203976592,21.600342,21.600342,352.762469738522,16.308498373728536,21.590025845265146,0.32498562167612205,0.25024399999999997,0.5855220737649861,0.1790196803897375,0.23545824584527625,0.007100356437893182,6.759415524453628,0.7919774061302577,6.805654005607802,25.982666,25.952147999999998,125.60494543150548,5.994281434541994,3.8178058976537006,0.0020378167669007435,0.4638679999999997,0.7019359416779348,0.19013904886535316,0.10792500945671205,0.06745338615998522,0.6507459788196367,0.9704899292456027,1.1684695253694306,33.050537,33.050537,369.8903483970908,17.359285488559816,28.28532219490323,0.00766843940157771,0.04882800000000004,0.7381243814797697,0.15909053270952142,0.10278508581070891,0.09585481191155795,2.0079590569874606,7.740516251743551,7.996717540218863,100.0,100.0,148.3842072910741,12.13411846140487,12.50513094867461,0.33952725491170643,0.7934570000000001,0.901670532961875,0.043254278548873065,0.05507518848925192,0.03195160397051932
IMP-07,0,Normal,0,118877,-0.043308792079207924,1.1112251487574893,1.112068785058939,22.412109,22.412109,135.29247898676405,-0.7841783652123449,20.15352764245799,0.011297486456475655,0.616455,0.7766682571712705,0.15493077637981195,0.06840096644891755,0.0799145335094257,-6.76388592546077,1.0568809634477525,6.84595867527292,25.183105,25.177001,119.2696160371679,0.17159201987352524,3.6785359355088505,0.0025236380766513007,0.4516599999999995,0.779612492440139,0.16647112543099366,0.05391638212886754,0.0799145335094257,-0.3817593788958335,1.0081192565182548,1.077981752506902,20.599365,20.599365,182.1694198336562,0.06786948124037796,19.109196377485162,0.0006393216460849961,0.02441399999999999,0.8512929645849943,0.11100475113252495,0.037702284282480646,0.004206028079443458,-0.5914617846850106,5.5560590496616,5.5874519421708975,206.623589,206.623589,353.33810971509706,3.893955349430071,36.979931306526886,0.4778761061946903,0.28792399999999996,0.9241083659995337,0.06151886836652095,0.014372765633945406,0.021030140397217293,-0.03463971524348696,0.8828101354305958,0.883489470843392,17.885742,17.885742,138.69800449032257,-0.7985550195852283,20.2444314168521,0.008168175241428042,0.50293,0.782006674641809,0.15385619037317355,0.06413713498501761,0.0799145335094257,-5.4110689298182155,0.8447555885855119,5.476611997183158,20.078125,20.068359,119.25529598853187,0.17738326351199174,3.666158020748409,0.0024899895689626163,0.3613280000000003,0.780534771592036,0.16687274433055563,0.0525924840774083,0.0799145335094257,-0.3055202061374362,0.8057543031913941,0.8617323212400185,16.547852,16.547852,182.1983601745189,0.06456181515000517,19.20300723568998,0.0006393216460849961,0.01953100000000002,0.8656996716055204,0.10958618977657038,0.024714138617909175,0.004206028079443458,-0.7968313383244866,3.728228232149458,3.8124304495600003,63.194824,63.194824,146.06873406927642,-1.1939575069936916,16.575993932503984,0.4778088091793129,0.4152839999999999,0.9238775465707182,0.04416361207875152,0.03195884135053012,0.021030140397217293,1.6712125068684442,97.5552359086935,97.56954957589973,3175.340239,3175.340239,533.8722577260772,6.039712805192058,32.5443773472572,0.24479289343517616,0.0,0.8531095786930745,0.08194604862823134,0.06494437267869434,3.238641621171463,2.4940801625461604,126.25334825127614,126.27798058456281,4138.871924,4138.871924,497.57784758853853,-0.49930288429687913,32.775879886900626,0.0011608735152595982,20.133498,0.9204339958092603,0.04513347578886855,0.03443252840187092,0.09673864582719954,1.6081364680888646,166.7561562960087,166.76391026094012,6983.447555,6983.447555,847.1179289227825,9.600280166665968,41.87625214635952,0.0005888488845519701,0.0,0.8984810181221925,0.0668875774805867,0.03463140439722093,2.2460189944228066,445.4219624929718,2048.1674981647084,2096.0417040720754,30944.824219,30944.824219,145.98801288781206,1.8522821767281044,14.763458264633801,0.47777516067162423,238.03710900000004,0.9224520642511911,0.03631123835451315,0.041236697394295786,0.021030140397217293,0.6973296782640882,0.8672154159862864,1.1128033329893312,22.454834,22.454834,315.1927772275551,16.089689175814698,20.17861857016498,0.36402638043002794,0.23803800000000003,0.585138089391774,0.17881726496696482,0.23604464564126137,0.29862799364048553,6.788341216273964,0.8915722071732324,6.846639867056513,25.183105,25.14038,117.50316376929366,6.8585620921110175,3.6781699474470306,0.0022880985228305125,0.4516599999999995,0.7230904054092561,0.17169623950452306,0.10521335508622105,0.0799145335094257,0.5899918620927513,1.0472166900874018,1.201978865593437,33.392334,33.392334,332.4104191210487,16.776209096756958,27.78113239413211,0.0020777953497762374,0.01831100000000002,0.8079451912269571,0.11159678983383398,0.08045801893920905,0.03785425271499113,2.157453870773993,8.413044218642007,8.685270302606787,100.0,100.0,124.84074766504384,11.153785967400534,11.513746436882467,0.276809448500959,0.7629400000000002,0.8979465346188636,0.045332483836721234,0.056720981544414996,0.042060280794434586
IMP-08,0,Normal,0,174427,-0.013889129601495187,1.115181772248385,1.1152682605885167,23.419189,23.419189,128.80562814256643,0.6847504315694172,20.99870482070557,0.02434843429305264,0.610351,0.8102452203986347,0.12444600808237051,0.06530877151899471,133.3337155371588,-6.72365086328378,0.872102401644939,6.779973711622457,24.414062,24.34082,99.3286346859876,-0.012276704194735715,3.600908062246407,0.003508651233187713,0.5615240000000004,0.7834257143296592,0.16415225755795498,0.052422028112386006,0.13186031978994078,-0.41108201599523014,1.0076086481884832,1.0882387659787374,21.044922,21.044922,154.89484199735676,1.2143385398665234,19.338515276169815,0.0012612798550674785,0.036621000000000015,0.8194998482319802,0.1427882814435096,0.03771187032451021,0.005733057382171339,-0.5757883288768367,4.586110449256485,4.622114370334241,206.426588,206.426588,520.4852258633761,4.783677565573628,44.66064044734414,0.4997649432997374,0.27276999999999996,0.9237806301959087,0.06140416726480346,0.014815202539287958,0.07166321727714173,-0.011119219002791997,0.8860355749964018,0.8861053420392162,18.637695,18.637695,131.9980255819851,0.693410168775443,21.033272361397362,0.012423606572414663,0.488281,0.8153617004354194,0.1230998933510831,0.061538406213497335,133.3337155371588,-5.3788979293458015,0.6970905704308097,5.423880363513201,19.296875,19.291992,99.3497043526665,-0.00948309314505277,3.5577619170605868,0.003302259984176671,0.4492180000000001,0.7869318210130436,0.1646774564322451,0.04839072255471108,0.13186031978994078,-0.3289663722015514,0.8051195421713446,0.8697334943680421,16.606445,16.606445,154.97718688548235,1.207200777619964,19.09371676212887,0.001249813674566865,0.029296999999999962,0.8352441024104259,0.14053572160987635,0.02422017597969803,0.005733057382171339,-0.8048581575329508,3.084084228937305,3.1873770070274317,63.502441,63.502441,214.04626530330452,-1.430879211120027,19.923103184841878,0.49971907857773495,0.3896489999999999,0.9225193124872056,0.04439201319601942,0.03308867431677473,133.3337155371588,1.7026727774427128,98.58570654989263,98.60040887607205,4176.262706,4176.262706,735.3860225388031,6.6792596625179845,42.35542989734476,0.2800614587274833,0.0,0.888846053575716,0.055272922336382854,0.05588102408790097,3.760885642704398,2.0508320814266137,73.30170630401044,73.33038973921802,2597.221228,2597.221228,654.5446295554875,5.361798990363075,35.41807478777074,0.0012383474940662516,23.009712,0.924776425689253,0.03514746745084138,0.04007610685990564,0.1777247788473115,1.3567395569378593,133.49551185505237,133.5024060744517,6623.920806,6623.920806,1148.8755031107435,10.629143426169533,49.616490075137435,0.0011982158623141045,0.0,0.89664079411079,0.07357551628159184,0.02978368960761796,2.7146026704581288,449.4463016913494,1694.0936321338597,1752.6994073544172,30968.62793,30968.62793,213.81440884289466,2.2028701068975014,17.669103897710034,0.49971907857773495,214.23339900000002,0.9179739797460317,0.03744895481364741,0.04457706544032119,133.3337155371588,0.6923798389240198,0.8803695899463017,1.1200180606805725,23.443604,23.443604,289.69174458725,15.348624975939119,20.931451753335683,0.3483196312476351,0.23193400000000003,0.6284321458611796,0.13770259891449932,0.23386525522432092,0.2866528691085669,6.734368923400621,0.7846833770863901,6.7799301470398445,24.139404,24.072264999999998,79.85224817902217,4.149720854504266,3.5604207530868734,0.0029124098471558137,0.5615240000000004,0.7387994502421156,0.16137297083702104,0.09982757892086343,0.13186031978994078,0.6336563767822643,0.967980996099277,1.1569388975422061,31.378174,31.378174,290.0530715581555,15.409581328584185,27.121721005888556,0.004787130359006112,0.030518000000000045,0.7702306438173696,0.13875969054093817,0.09100966564169216,0.14332643455428346,1.942712243964524,6.961025922094139,7.227033468229977,100.0,100.0,184.54900232462012,13.51087135968326,13.836936059532556,0.3542820451079541,0.7202150000000003,0.8971063382288842,0.045360273940391785,0.057533387830724134,0.04586445905737071
IMP-09,0,Normal,0,126368,-0.08443642456951127,1.0394391349294607,1.0428629943655057,24.334717,24.334717,158.97226449335108,0.6800974290010792,23.334529206116503,0.018778636827652788,0.6408689999999999,0.7810193321272864,0.15410947455417545,0.06487119331853809,133.33280577361356,-6.730922135675171,0.8118411711495445,6.779704926004927,24.987793,24.987793,120.45727300557127,-0.45667954726607785,3.685675596906036,0.004241613712440748,0.5126949999999999,0.752272079768658,0.18996749799232435,0.05776042223901769,0.09496074955684983,-0.2989153951633325,0.9010304120690664,0.9493188173311444,20.245361,20.245361,200.45064367341038,-0.38153412607621645,21.32619793307852,0.0009021342597355322,0.030517000000000016,0.8119695005539143,0.14985184276418434,0.03817865668190136,0.015826791592808306,-0.578027252698468,5.388771936754969,5.4196843534674635,207.260053,207.260053,377.84004513652354,4.104666392560546,38.2420892957349,0.48610792374591466,0.28792399999999996,0.9242750148608179,0.06129732972049969,0.01442765541868231,0.023740187389212457,-0.06759778500886299,0.8252158949423183,0.8279799114734341,19.453125,19.453125,163.3704504516095,0.6852022354654048,23.494682335205614,0.012970158348302958,0.517578,0.7864888370293319,0.15366692809867702,0.05984423487199108,133.33280577361356,-5.384755877793429,0.6488352844673747,5.4237056603212475,19.931641,19.780274,120.40506939403149,-0.4579651021971219,3.6749119971269684,0.003972556126203835,0.41015599999999974,0.7539115769707728,0.1905925006494512,0.055495922379775936,0.09496074955684983,-0.23923025310205118,0.7200633147239193,0.7587636596533004,16.186523,16.186523,200.50336715184298,-0.38514058069579704,21.3327599366001,0.0008863073428980667,0.02441399999999999,0.8273639476893283,0.1471703174383464,0.025465734872325264,0.015826791592808306,-0.7901904345799569,3.6152456984132204,3.7005948687740675,63.497314,63.497314,155.66257517308964,-1.2291381331823497,17.158677523928844,0.4860446160785648,0.4050290000000001,0.9253725974316896,0.04414158855930503,0.0304858140090054,0.023740187389212457,1.5340202486705494,104.23988565152334,104.25117255343459,4426.493322,4426.493322,925.1047541648365,7.631029849050421,42.459890028874,0.23819509840385544,0.0,0.883648807763903,0.06764733739861128,0.048703854837485606,3.0862243605976194,3.4744541262503166,74.55393623846113,74.63485271723893,3468.714065,3468.714065,1130.5996183958746,19.659014520103185,46.47579433353403,0.0013294610143471002,20.133498,0.924229075935953,0.03917745970622418,0.036593464357823,0.09496074955684983,1.3460175277047988,141.49825958482458,141.50466150879726,6342.051836,6342.051836,1018.1128639363253,10.530498523898398,44.81867783278446,0.0008309131339669376,0.0,0.8900662236506964,0.07812083296503987,0.03181294338426376,2.484806280070904,441.48718260478125,1985.9956740926589,2034.475300886954,30944.824219,30944.824219,155.5717025699445,1.9031126916050913,15.21022359205306,0.4860446160785648,214.23339900000002,0.9233429851132943,0.036485603971138175,0.04017141091556752,0.023740187389212457,0.6825994483730058,0.8003109618814053,1.0518743473565042,24.224854,24.224854,409.02606577972546,18.0728371108638,23.030178519782503,0.35583657125673634,0.250244,0.5930357701402791,0.1635638502779181,0.24340037958180288,0.3165358318561661,6.7395927720308935,0.735753470390578,6.779634496195414,24.755859,24.560547,99.23588398721822,4.752807230643928,3.651503486492149,0.0032761717853553537,0.5126949999999999,0.7055129768405061,0.1874731881510874,0.10701383500840642,0.09496074955684983,0.586341179222588,0.8601113898102756,1.040955129356448,29.901123,29.901123,450.1150315527216,19.691558634864556,28.724699227416107,0.009599025061922813,0.024414000000000047,0.7632953467880595,0.14298857207600155,0.09371608113593907,0.09100405165864776,2.099690712094834,8.164468132170056,8.430138846287035,100.0,100.0,132.94091951323637,11.503297365369113,11.862200827693833,0.2956151526901802,0.7751459999999999,0.897470906764225,0.045856807984131734,0.056672285251643424,0.047480374778424914
IMP-10,0,Normal,0,125442,-0.06718425992091961,1.2054839412847818,1.2073546527332444,21.923828,21.923828,94.97943369908997,-0.390779152151558,18.158565049936406,0.027534857024417853,0.604248,0.7547693212675229,0.18007636415898062,0.06515431457349656,133.33253615216594,-6.723217573516047,1.1021009912433233,6.812949518067378,24.291992,24.291992,93.1021114252253,0.4463379227619131,3.565561719719139,0.004982422015130619,0.5676269999999999,0.7513475967326612,0.1981665761423205,0.05048582712501833,0.1076194575979337,-0.3216164214617114,1.1326463126659394,1.1774229453130198,19.927979,19.927979,108.97714618363814,1.0673170636929836,16.925081237228746,0.002598831323092131,0.030518000000000045,0.7871474841925642,0.1739377831342769,0.03891473267315873,0.09964764592401269,-0.5917918181231167,5.41085056757741,5.44311688471323,207.623747,207.623747,372.29441840522657,4.006316058085582,38.14427494348005,0.4930604826173261,0.28792399999999996,0.922850902002087,0.06200498684804375,0.015144111149869344,0.027901340858723554,-0.05376511907495097,0.95855498865265,0.960061640885639,17.69043,17.69043,97.07106515154605,-0.4003517186708528,18.426348107899518,0.016374231710525267,0.48828099999999997,0.7590369226834349,0.1788404954237386,0.06212258189282621,0.1076194575979337,-5.378566076664913,0.8809336176011319,5.4502309198482966,19.321289,19.316406,93.11821425228534,0.4520852059138977,3.54504043666058,0.004870815761991693,0.44921900000000026,0.7539010973402153,0.19924997110982468,0.04684893154996,0.1076194575979337,-0.25737481978922533,0.9048863957266069,0.9407769060901876,15.874023,15.874023,109.1055461768461,1.0701716032684654,16.873312787801613,0.002566943822195295,0.024414000000000047,0.8037959727530068,0.1710292504021757,0.025174776844817247,0.09964764592401269,-0.8076079543932655,3.6278836372295507,3.71668808124615,62.93335,62.93335,154.36607111652947,-1.2114066392842746,16.93264234831872,0.4930126513659808,0.399902,0.922900881984007,0.04442854396494882,0.032670574051044066,0.027901340858723554,1.6562958990529488,83.48050699444836,83.49693625610081,2536.820734,2536.820734,448.24383785060763,5.048637714412222,30.382201404601165,0.20197543068055898,0.0,0.8599362965507092,0.0683402103227231,0.07172349312656764,3.431864925622997,1.840458709618788,118.67866957228911,118.69293955290851,4564.551594,4564.551594,540.5264606613695,-7.498282599510771,38.45680805609593,0.0019291938042585758,17.257284,0.9205467384975751,0.045584900447266895,0.03386836105515796,0.1076194575979337,2.0551853823838906,160.9956910269363,161.0088081944485,6833.884427,6833.884427,884.5021866387185,9.716292831053426,42.44416503441722,0.002798128203697356,0.0,0.8788475555664546,0.08600377576647206,0.03514866866707337,2.307839479600134,451.2482776630474,1992.441101357351,2042.9015028806355,31016.235352,31016.235352,154.36346251488334,1.87943755876109,15.18244286778629,0.4930126513659808,214.23339900000002,0.9207693487316061,0.03703941890932661,0.04219123235906725,0.027901340858723554,0.7048920694344797,0.9803495321007104,1.207459330429686,21.850586,21.850586,183.64897163817173,12.063898015040229,18.096332894478742,0.3128163837979608,0.23193399999999997,0.5757906755666171,0.19160241726072805,0.23260690717265492,0.3746751486742877,6.750251621849142,0.9340255941372615,6.814565339680913,24.359131,24.353027,87.71420420606755,5.704790557960889,3.5745685580498963,0.004408446998987572,0.5676269999999999,0.6941059896307689,0.1971613235909964,0.10873268677823458,0.1076194575979337,0.6748953078554234,1.0937189289791205,1.285186668220808,32.269287,32.269287,250.7025997688215,14.132968865852321,25.108638144117297,0.00790012834719111,0.030518000000000045,0.7326282108795499,0.16505297456951729,0.10231881455093286,0.09964764592401269,2.1337313987659634,8.19239046839744,8.465699691624371,100.0,100.0,131.93087929066917,11.461234462775673,11.812372709007862,0.2836871517287011,0.756836,0.8911330977463783,0.04813631383931861,0.06073058841430281,0.05580268171744711
IMP-11,0,Normal,0,168569,-0.05231830490778257,1.176768322739856,1.1779307664002996,23.431396,23.431396,126.4799976462501,0.06722653494035688,19.89199761850625,0.04425513739262493,0.549317,0.7906783664560967,0.14819707448694275,0.06112455905696057,133.33412430518064,-6.732781863521763,0.9914797281811121,6.805393719187867,24.761963,24.719238,116.35824741145197,-0.13757787536884983,3.6385790479959197,0.004739926913767738,0.5554200000000007,0.7529331018630732,0.1981267712777327,0.048940126859194216,0.10381505496265622,-0.13611042876804158,1.0473624038945075,1.0561695194953797,20.76416,20.76416,113.82568671688655,0.21526145636645075,19.65987430684496,0.0023610649708129656,0.06103499999999995,0.7916270056418442,0.16928851051190574,0.03908448384624985,0.0889843328251339,-0.5701044246213717,4.668996575313782,4.703673891254016,208.184442,208.184442,508.46000351216696,4.800612653452948,44.25996504287786,0.500925442551374,0.24246300000000004,0.9236730501174135,0.060983137065906835,0.01534381281667948,0.07711975511511605,-0.04192929269319981,0.9356711678110126,0.9366101642938626,18.662109,18.662109,129.32110611489898,0.0638089893438915,19.925161728380242,0.022981823359119167,0.444336,0.795233400322116,0.14671041407396612,0.05805618560391782,0.08008589954262052,-5.386168829316185,0.7924562747030219,5.444152974082697,19.794922,19.75586,116.38880704473252,-0.14375868902053665,3.6359966544355435,0.0045382278961606,0.44433599999999984,0.7546467437982115,0.19894624459605645,0.046407011605732205,0.10381505496265622,-0.10897087435412205,0.8367870057030176,0.8438525608013072,16.40625,16.40625,113.92263522437436,0.2157389438240945,19.442081190606235,0.002301741730340278,0.04882799999999998,0.8076944117113947,0.1661858335401091,0.026119754748496152,0.0889843328251339,-0.7946893825970375,3.133261525916966,3.2324694901273197,63.968994,63.968994,207.68358121813063,-1.3919202546387535,19.789512072851895,0.5008898486070903,0.36401399999999995,0.9214822191661052,0.044169158232790974,0.03434862260110356,0.07711975511511605,1.8872184377376622,110.95017512969528,110.96622438716112,3851.250525,3851.250525,512.5898732229292,5.978491516149534,34.706511339549486,0.2163755873000807,0.0,0.8876702972472059,0.05463297553038754,0.05769672722240671,3.5415764464403297,2.4950028992875315,113.85670770738857,113.88404159246001,4276.930195,4276.930195,593.5557211700511,5.544258399806249,37.55513182703173,0.0014118931232499645,17.257284,0.9184848318159043,0.04227718202739044,0.039237986156705165,0.10381505496265622,1.7019364000735604,129.9113229609936,129.9224708084998,6465.729037,6465.729037,1197.728750388427,10.875106902266792,49.76605660871559,0.0028297185705471978,0.0,0.8905023209502925,0.0794001188656596,0.030097560184048088,2.3195249423084907,442.9178546733622,1721.1802749778078,1777.2556836204342,30944.824219,30944.824219,207.33537246266934,2.155150068562715,17.41157701966806,0.5008898486070903,190.42968800000006,0.9171596370742162,0.0371454839073297,0.045694879018454246,0.07711975511511605,0.6518040145519045,0.9848510330982362,1.1810080570346007,23.126221,23.126221,223.81924722155506,13.545006189753181,19.581763953471878,0.2959755113663329,0.20751999999999993,0.6046276482719866,0.16668584959878682,0.22868650212922645,0.18983324336028568,6.753177619117394,0.8477982793337753,6.806186147747458,24.688721,24.682617,114.84397220848997,6.577540466694085,3.6273943239373283,0.00458568648853875,0.5554199999999998,0.6996186570430308,0.19053591864046812,0.10984542431650123,0.07711975511511605,0.6568254926350634,0.9121972411058767,1.1240656272907141,30.310059,30.310059,325.8580372161013,16.212591760156588,26.964670268456654,0.008441697119263443,0.04882799999999998,0.7284661674377111,0.16568647144423046,0.10584736111805845,0.10084891053515177,1.9357549185081477,7.076956912161729,7.336924849085082,100.0,100.0,178.75840065452275,13.311306081624318,13.62968846716074,0.3500071187888567,0.6713870000000001,0.8976761823262436,0.04527727136475789,0.05704654630899839,0.050424455267575885
IMP-12,0,Normal,0,98636,-0.0038775405328683185,1.3737377689011978,1.3737432413032011,21.185303,21.185303,63.26034779829408,0.4626316135321734,15.421588520357393,0.034947026917422824,0.567627,0.785249048651865,0.15111300208603898,0.063637949262096,133.33367127620747,-6.773677708625654,1.2760645014381207,6.892826003328578,24.34082,24.34082,61.92566458230213,0.13278842387480191,3.5313266268792662,0.0050083641709332384,0.4394530000000003,0.7718694351173241,0.17997378706856032,0.04815677781411562,0.11152114846506346,-0.4555152896812524,1.3055423804230408,1.3827274084988896,19.927979,19.927979,84.28523262381685,1.8384300573725758,14.412080701889119,0.029087038069650732,0.030517000000000016,0.8035279287124167,0.1578332301434238,0.03863884114415943,3.811995620260351,-0.6017273812603918,6.094660806590309,6.124293117474582,207.593439,207.593439,296.1591378096147,3.6638977026877093,33.89671836700125,0.48706848481776244,0.27277000000000007,0.9243968167227422,0.061198536314122864,0.014404646963134914,0.030414858672290036,-0.003119599679630155,1.0935992531858887,1.0936037026596492,16.860352,16.860352,64.33316426156038,0.4689274106153251,15.417241144114222,0.01270340142951285,0.458984,0.790325112473339,0.1502643948927796,0.059410492633881554,0.12672857780120847,-5.418944380124904,1.0198971742296221,5.514086365019036,19.526367,19.526367,61.91875374692448,0.13109228729375977,3.5411790290180902,0.004906980280833376,0.3515629999999996,0.774733011700483,0.18065388546591885,0.044613102833598074,0.11152114846506346,-0.364472425118618,1.043026534797937,1.1048730700693354,15.898438,15.898438,84.39779830734054,1.8432650775873178,14.389379586382992,0.022963451107619,0.02441399999999999,0.8212544208461915,0.1552928299415327,0.023452749212275664,3.811995620260351,-0.8001786114501804,4.0846837395504405,4.162322316011833,63.574219,63.574219,121.75176003534484,-1.084984720213748,15.273737633301357,0.4869671009276626,0.38452200000000003,0.9253972556293727,0.04400439585787624,0.030598348512751086,0.030414858672290036,1.9978017452958352,78.80285170318882,78.82817166703967,1694.090037,1694.090037,191.9991516106766,3.4831486699162237,21.490921344156302,0.19404876565113804,0.0,0.84329612866539,0.08914750501851784,0.06755636631609203,5.180664260513403,3.6585735955330705,106.92268818821913,106.98526258391416,2378.628965,2378.628965,194.18005112908497,0.8565128973633973,22.23323949066645,0.0013382673493181933,14.38107,0.9061010421061024,0.05473214417030116,0.03916681372359657,0.12672857780120847,2.3850449580274953,165.98152579627555,165.99866067264367,6321.918338,6321.918338,677.6188637108438,8.400681273772463,38.08415268161163,0.0037714807117149086,0.0,0.8936811559779313,0.07786275007997212,0.028456093942096625,2.4433269800072996,446.7711062802627,2244.2305015488355,2288.2689888841796,30921.020508,30921.020508,121.63696335662314,1.688861328030276,13.512843401805618,0.48698737770568257,214.23339800000002,0.9252258405797206,0.035987263455868154,0.038786895964411254,0.030414858672290036,0.7290232793097857,1.1646427284846612,1.3739969529761666,21.185303,21.185303,100.23867369717715,9.128928867494766,15.4187408888435,0.2849495615146753,0.238037,0.6234315583022649,0.17077763171985572,0.20579080997787946,1.3686686402530517,6.8094048330325645,1.0692605133520192,6.892845002286144,24.237061,24.21875,64.09390807341421,4.89797578523803,3.5162637476921814,0.00486642672479343,0.44555599999999984,0.7165508171040444,0.17748673273471882,0.10596245016123666,0.11152114846506346,0.7218594006954864,1.2765283911837035,1.4664943668048986,29.638672,29.638672,134.07037361837538,10.413337183053404,20.21055973407848,0.012835200486642672,0.030516999999999905,0.7566913875076458,0.1490430314209461,0.09426558107140834,0.7755788961433959,2.307008371000446,9.217009219693528,9.50134446169497,100.0,100.0,103.26188458100906,10.172029519828733,10.52482629202149,0.12731788918740813,0.732422,0.8983670848781522,0.04453428383388478,0.05709863128796299,0.06082971734458007
IMP-BASE,0,Normal,0,378930,-0.021091463610693268,1.1486999815170165,1.1488935970639036,24.255371,24.255371,155.03140645322233,-0.2824562368803449,21.111938531110876,0.014485563258552393,0.640869,0.8080269073871356,0.13127993379830355,0.06069315881456097,133.33333333333331,-6.717243146085029,1.130583611131112,6.811723334471576,25.585938,25.579833999999998,119.76759691949763,0.16016170897831697,3.7561622431902313,0.0023619200430687543,0.6286620000000003,0.8193882712190371,0.13004246913420361,0.05056925964675943,0.029029108278573877,-0.454213510717019,0.6700716339239262,0.8095096712871067,20.172119,20.172119,327.1461284957023,3.3862545950361396,24.918935147404316,0.04994075407266269,0.036621000000000015,0.8090706714260594,0.15275785875395298,0.03817146981998748,0.001319504921753358,-0.5252404406328346,3.113720122110159,3.1577096952237196,208.002595,208.002595,1135.4622491074417,7.096899181206024,65.87134824794694,0.5179967751214607,0.21215499999999998,0.921279026647486,0.061359003822530456,0.017361969529983808,133.33333333333331,-0.016875305185654336,0.9139610578260892,0.914116836705075,19.194336,19.194336,158.13833079632326,-0.2878059219065696,20.99768347904606,0.00890140369304012,0.512695,0.8118740299330164,0.1299913965711291,0.05813457349585451,133.33333333333331,-5.373765040440187,0.903636957224525,5.449211911856532,20.395508,20.395508,119.7126552345899,0.16154845003697024,3.742836272456746,0.0023355298749897736,0.5029300000000001,0.8209669698831493,0.13013360454395717,0.048899425572893285,0.029029108278573877,-0.36341342973108487,0.5353732413438751,0.6470655519002363,15.976562,15.976562,327.4651925484897,3.387215096580194,24.690793619103438,0.03469779299024355,0.029296999999999962,0.8251981218547809,0.15006614725978415,0.024735730885434837,0.001319504921753358,-0.7692570673290581,2.1062635487535086,2.2423430987347652,63.251221,63.251221,460.5381134168769,-2.2298854543930067,28.20764629448959,0.5179809410206133,0.30249099999999995,0.9173718010212194,0.04548827619524608,0.03713992278353455,133.33333333333331,1.7930852241865256,125.27413912640964,125.28697094464464,4993.107477,4993.107477,615.1552023143389,6.767242541016444,39.85336575186335,0.2753497357024667,0.0,0.8718408409757813,0.07332188168783448,0.0548372773363844,3.154936267912279,2.6943566336711267,178.4154187052131,178.43576208099628,7708.253479,7708.253479,691.0877215504019,-10.621143154052632,43.1990391898068,0.000749480773443046,25.885926,0.9125988221024369,0.05166791004922237,0.03573326784834086,0.038265642730847385,0.6208153010951892,85.75793572363813,85.76018278442348,6298.908626,6298.908626,2603.263538933204,17.01305673812149,73.44793844287449,0.0007547588070588422,0.0,0.894252490447038,0.07457962587845211,0.031167883674509757,3.102156071042145,427.66322605511573,1156.9791115511396,1233.489561968618,30968.62793,30968.62793,459.8979306741361,3.3583027524595455,25.106518032122505,0.5179756629869976,166.62597700000003,0.9045108116805077,0.04118715181853978,0.054302036500952285,133.33333333333331,0.7047830929195367,0.9193223354866185,1.1583923189445788,24.32251,24.32251,339.26492949189355,17.023376004113814,20.996781144198582,0.34533646144792296,0.21972700000000006,0.6464487862387782,0.1400560110107493,0.21349520275047237,0.39057345683899397,6.751029977900931,1.016999006086929,6.827202409545133,37.353516,37.322998,184.6125388092475,9.436656086990785,5.471277070645501,0.0021560767320527065,0.6164549999999993,0.780087875912549,0.1310903137263271,0.08882181036112395,0.029029108278573877,0.5384036148919326,0.6556942836314891,0.8484182023717503,29.779053,29.779053,553.5961856004535,21.08128179934708,35.099498003169614,0.01895341871432379,0.036621000000000015,0.7579883677171083,0.1480079213668055,0.09400371091608634,0.06465574116591455,1.60989504349616,4.741470998752149,5.007325561922373,100.0,100.0,402.4393828482452,19.830943297383236,19.97074062058964,0.4239527721552059,0.579834,0.8846228007679612,0.05204141930236922,0.06333577992966959,116.66666666666666
TF-01,0,Normal,0,130772,-0.15566097783164595,0.6806885428639808,0.6982601466543782,17.376709,17.376709,98.96095838069381,0.585025833960307,24.88572358491061,0.04479586452653876,0.457763,0.7634760029378739,0.16924706836410713,0.06727692869801895,0.011470345333863518,-6.727879778813507,0.7147159888286269,6.765736121284585,24.438477,24.42627,69.93242725809134,-0.958250960619587,3.6120943178848006,0.0028446673956764113,0.5737300000000003,0.7842559257752417,0.15005586832563142,0.0656882058991269,0.011470345333863518,-0.2699533878200226,0.8353154575860389,0.8778534873643102,20.019531,20.013427,260.7993151337474,-0.9355497068026051,22.805093661024408,0.15503437306436443,0.07934599999999997,0.8483983270352097,0.10628796167160896,0.045313711293181395,0.011470345333863518,-3.071188139150583,2.6638153414796366,4.0654776791370395,84.95283,84.95283,560.0353113620101,-5.342415297361233,20.896149654431888,0.03381483662279863,0.6819259999999998,0.9248076869025191,0.06181510117962277,0.013377211917857875,0.003823448444621173,-0.12451905025540637,0.543152098085124,0.5572424925746247,13.945312,13.945312,99.55715750164734,0.5922463486505277,25.025571785756224,0.038708888056220414,0.361328,0.7723154070708508,0.1662226087546959,0.06146198417445302,0.011470345333863518,-5.382217961788457,0.5715957257545806,5.412484814010954,19.331055,19.321289,69.76625859348071,-0.9598184410879427,3.5715675266116094,0.002752903931299753,0.45654349999999955,0.7926846636223657,0.15062288142592428,0.05669245495170994,0.011470345333863518,-0.2160980520294864,0.6673676270242358,0.7014826567285168,15.961914,15.957031,261.1666110671287,-0.938712389448659,22.754538329487843,0.12079130694114139,0.05859399999999998,0.8650232879727764,0.1040392095393782,0.03093750248784549,0.011470345333863518,-1.0877015718120087,0.7593554889496797,1.3265426747452647,24.865723,24.865723,406.9775906232879,-2.1127788399817407,18.744759195006637,0.031031344870039994,0.24096700000000015,0.9157247357886537,0.07176730285656688,0.012507961354779294,0.003823448444621173,0.3137460055057658,19.91620954227467,19.9186806563026,963.531685,963.531685,1315.2144621615619,11.942538005093997,48.37326837182475,0.024929074488992207,0.0,0.8557281675641881,0.08775149896052589,0.05652033347528588,4.82519193711192,2.3554594092848626,41.682979325281,41.749478493276925,2180.1702,2180.1702,1396.4560877916508,29.510711153579713,52.2202978020691,0.0001529391072944307,20.133498,0.9188843642384773,0.05030104012489323,0.030814595636629666,0.011470345333863518,0.9299990223671736,132.3810489101003,132.38431556917902,5881.857598,5881.857598,1030.0461953835472,10.85280873546224,44.430169636873366,0.001284688501273218,0.0,0.9085881651952981,0.06137097625325165,0.03004085855145046,2.382008380998991,599.0168581302114,356.5015769847129,697.075728107626,14805.908203,14805.908203,439.7413992961325,4.142659508331157,21.240028315422887,0.037867722966101046,142.82226499999996,0.8688344847095739,0.08049024359786466,0.050675271692561565,0.003823448444621173,0.5426745646774539,0.43893037526743744,0.6979652981920216,17.297363,17.297363,486.83194490448767,17.07369547029527,24.7825544404662,0.07160609003525246,0.219727,0.6766285491892969,0.18596800629236457,0.13740344451833852,0.011470345333863518,6.730882017343163,0.6853825608431092,6.7656871037686495,23.693848,23.651123,55.82001355442263,2.5830771597688917,3.5020608604264245,0.0022329109664986886,0.5737300000000003,0.7478761634709918,0.1534325296547609,0.09869130687424717,0.011470345333863518,0.4342756180527942,0.8538096609566087,0.9579072238886058,27.69165,27.69165,399.6344238682398,18.58188311419564,28.908488535649916,0.034380711319788024,0.07324200000000003,0.8053824944766638,0.10787582426355095,0.08674168125978546,0.030587587556969383,2.0023970018046677,1.2590012854989627,2.365307166040885,46.325684,46.325684,385.49349214056167,15.051249232170063,19.585483300057465,0.029089018207400723,0.4333500000000001,0.8655959863849458,0.07527130222345423,0.05913271139159959,0.003823448444621173
TF-01-A01,3,Process Anomaly,1,108409,-0.14733075269580936,0.6957401825950584,0.7111685822414535,16.906738,16.906738,94.26944158495321,0.4138471010177874,23.773178993247317,0.043317836322042655,0.463867,0.7594233727111253,0.17494988246308857,0.06562674482578618,0.013836489590347664,-6.731719780128957,0.7674880067252027,6.775329441336891,24.450684,24.420166,83.14469744395417,-0.0940339559337131,3.6087815672584407,0.0040126189949081245,0.6164550000000002,0.7827173243251362,0.15847236929204478,0.058810306382818936,0.013836489590347664,-0.27372226935033067,0.9303283010790733,0.9697600881284864,20.483398,20.483398,213.74943215523632,-0.7824666289006935,21.122129329461636,0.14415910264925097,0.08544999999999997,0.8440777845230529,0.11032755435944396,0.04559466111750306,0.013836489590347664,-3.1896951255799793,2.887692029423372,4.302664320039846,85.043754,85.043754,487.34885854966285,-4.936219717441245,19.765370401754332,0.04143605637960298,0.77285,0.9250862303276353,0.06176763294286055,0.013146136729504303,0.0046121631967825545,-0.1178714731433737,0.5551858393559483,0.5675605698093886,13.520508,13.520508,95.03321221706727,0.4184826640175614,23.822141140884348,0.03778318943251421,0.36621099999999995,0.7678729399670586,0.17151618896402357,0.06061087106891787,0.013836489590347664,-5.385300525288491,0.6138098035001796,5.420168283600189,19.375,19.370117,82.99868627551835,-0.09711007701177236,3.5746122604021293,0.0040679654638034095,0.49316400000000016,0.7894988938727011,0.15845515801397025,0.052045948113328584,0.013836489590347664,-0.2191186758387219,0.7431654655724655,0.7747953944886705,16.12793,16.12793,214.06195130068218,-0.7903557226121312,20.815727758221502,0.11449339532137849,0.068359,0.85952876306867,0.10840336216319152,0.03206787476813838,0.013836489590347664,-1.1291346338495882,0.8177547383773284,1.394154881459451,24.958008,24.958008,363.9049693178608,-1.9360673532329238,17.9018904799681,0.036381078887167,0.2717289999999999,0.9159235489399862,0.07174322134153535,0.012333229718478443,0.0046121631967825545,0.6844237330848915,20.813677752037837,20.824927788880437,972.160327,972.160327,1074.6833325290586,11.017448447043392,46.682530516100485,0.02774702973950262,0.0,0.8527161999276279,0.09242934803080151,0.05485445204157034,4.745915929489248,2.0433485550092696,49.08569705246302,49.12820909053611,2177.293986,2177.293986,935.0146326824273,18.172012464630104,44.3186109631549,0.00016603940668585344,23.009712,0.9063975096874539,0.05791676698255751,0.03568572332998884,0.013836489590347664,1.580698588345986,153.89215553022794,153.9002733648224,6365.061548,6365.061548,840.8032203455458,9.758492730314998,41.358351150628216,0.0004796693970924655,0.0,0.8960250738691471,0.068851216022598,0.03512371010825478,2.32914241437519,621.8471090632605,381.77136639002345,729.6870584337097,14829.711914,14829.711914,404.218212071505,4.061532447267457,20.323386227833506,0.04090104051361523,142.822266,0.8724302348855423,0.07971781378751225,0.04785195132694561,0.0046121631967825545,0.543028899786918,0.4590888299288402,0.7110857471284474,16.864014,16.864014,423.4155001550247,16.204046811165377,23.715865587380083,0.0677625267507933,0.219727,0.6627353489246516,0.19621690161287308,0.14104774946247525,0.013836489590347664,6.738109866007435,0.7095366743092456,6.775364702993969,24.456787,24.389647999999998,64.68599998103014,3.0952154205595392,3.609663549062204,0.0030717290236882888,0.6164550000000002,0.7380567737911208,0.16061906385094582,0.10132416235793333,0.013836489590347664,0.44923231085057513,0.9778650071003885,1.0761178565675742,30.102539,30.102539,331.3021178585624,16.775649849678135,27.97327338848942,0.036759279757951444,0.07934600000000003,0.7962461254579688,0.11359061622283582,0.0901632583191952,0.10607975352599876,2.0848267079854996,1.3482801508441142,2.482813276807155,46.435547,46.435547,349.4362986693328,14.686647442628587,18.70279470219167,0.02988709320345362,0.500488,0.8750576086272499,0.07027255677771979,0.054669834595030234,0.0046121631967825545
TF-02,0,Normal,0,131704,-0.1267613037796878,0.7253257159183825,0.7363191035878672,16.888428,16.888428,65.32441822760873,0.20989140811270254,22.936289331225606,0.05249690591710136,0.537109,0.7389318060696873,0.1875610564524939,0.07350713747781844,0.011389175727388689,-6.731696650686387,0.7628141307493914,6.774778608554916,24.353027,24.34082,70.05056488989996,-0.06447966969842034,3.5946601958694244,0.006469100931641649,0.6042479999999992,0.7808103670874289,0.15751750040636442,0.061672132506206664,0.011389175727388689,-0.32029695203638464,0.6874524301599058,0.7584068704966737,17.86499,17.86499,274.69185872370866,4.060679739338395,23.55594430243015,0.13863009954215166,0.134277,0.8239223566641285,0.12279131808700072,0.053286325248870815,0.011389175727388689,-3.8723442215726167,2.928837433068732,4.855217655233541,84.967984,84.967984,370.46795933394606,-3.202237655883589,17.50034499656493,0.03377295885439208,1.3486980000000002,0.9069251491233377,0.07772685086116003,0.01534800001550235,0.003796391909129563,-0.10141686234282937,0.5774572687484206,0.5862953839131346,13.525391,13.525391,66.31708435060166,0.21705180946664376,23.069243543633153,0.04564816291200656,0.424805,0.7486058585207424,0.1844970618290528,0.06689707965020485,0.011389175727388689,-5.385309215058009,0.6100674691671427,5.419754390996396,19.262695,19.243164,69.87056175591886,-0.0658890147497135,3.5541638255785695,0.006393172516951018,0.48339799999999933,0.7882977179302388,0.15806836010995265,0.053633921959808324,0.011389175727388689,-0.25616093730638406,0.5487070902997506,0.605555857660467,14.287109,14.287109,275.71476083209274,4.078822976716603,23.5933792387006,0.11143254139996811,0.10253900000000005,0.8441471827068526,0.12031366350006785,0.03553915379307962,0.011389175727388689,-1.3724021351059954,0.8762789451292573,1.6282973960921079,24.891357,24.891357,223.10527399292775,-0.7195413176604714,15.286738810575343,0.03181400575537383,0.47680600000000006,0.9017446133965868,0.08413295228210618,0.014122434321307057,0.003796391909129563,0.3433881192446699,18.862509117013825,18.86563451331198,972.160327,972.160327,1313.2473217500387,12.255375125282582,51.53075165926827,0.02824537026491424,0.0,0.85104306487764,0.0919619164364131,0.0569950186859468,4.722711534957177,1.8622319464936523,43.8246582969452,43.86420616706234,2183.046414,2183.046414,1216.8652810570811,21.18577222820409,49.768287283841254,0.00012148546350500748,20.133498,0.9122943239201816,0.05557629532761092,0.03212938075220763,0.011389175727388689,0.50239402574713,49.227622327078954,49.23018585923304,1487.00263,1487.00263,608.0502776361858,6.587557771910596,30.20509884427168,0.003037136587625187,0.0,0.9051619766233905,0.07468188621461382,0.02015613716199558,3.8457450039482475,758.7599139974792,433.3137432557663,873.7719423189247,14805.908203,14805.908203,196.6508407850273,1.8977539492628988,16.944819907705252,0.02185219774796322,261.84082,0.8655304542626656,0.08321051697132542,0.0512590287660092,0.003796391909129563,0.5747266590004859,0.46049274514739014,0.7364538688195209,16.851807,16.851807,340.4685535811319,13.202040276914188,22.88236604284822,0.07765958254557603,0.207519,0.6274780092196525,0.21874644542200872,0.153775545358339,0.011389175727388689,6.736895140997996,0.7146593225660299,6.774695128796051,23.602295,23.55957,50.04936464377977,2.4152494402978677,3.4838903524496208,0.006393172516951018,0.6042479999999992,0.7351268915410725,0.16189169476174403,0.10298141369718344,0.011389175727388689,0.4297803399061531,0.624997390201601,0.758507006117057,17.871094,17.871094,345.7472915638402,17.08401768525793,23.56088191127668,0.07125881718715595,0.10376000000000002,0.7786201744735686,0.11980388386837365,0.10157594165805765,0.030371135273036504,2.518232448019802,1.4742919688592986,2.9180526848744237,46.362305,46.362305,188.0695045458728,8.75477300772412,15.88809730554785,0.030204323363932483,0.8666989999999999,0.8617996065093232,0.08027164045548413,0.057928753035192876,0.003796391909129563
TF-02-A01,3,Process Anomaly,1,257146,-0.1637349078344598,0.6386170112665822,0.6592729382604909,16.870117,16.870117,55.74075013820293,0.4488870482497528,25.58897236782121,0.02745532676116588,0.41503900000000005,0.8212757075376035,0.1267340853702272,0.051990207092169186,0.005833262037908425,-6.7293269017250905,0.7152320203462709,6.767229669015941,24.560547,24.481201,46.003810770158196,-0.03632506389027636,3.62933551855814,0.010857687297050302,0.5859370000000004,0.7736852540628658,0.16037930719687327,0.06593543874026105,0.005833262037908425,-0.36162593411524974,0.6679434013125727,0.7595536212682653,20.172119,20.172119,406.28289606311534,0.4654950061010741,26.55786034739402,0.0724338408291042,0.09155199999999997,0.857170211803849,0.09515659630814903,0.047673191888002064,0.005833262037908425,-7.637126785382622,2.5184704359376724,8.04166642386395,83.573824,83.573824,236.6949038055571,1.5423274319431612,10.392600189432319,0.025650897353633163,1.1365439999999998,0.9243167878940052,0.05610764763119474,0.019575564474800383,0.0019444206793028083,-0.13098783458424396,0.5104473464012953,0.5269860588831484,13.530273,13.530273,55.79631829856076,0.4538086150198909,25.674821509842147,0.02636644694627545,0.332032,0.8286910886594662,0.12348960576253207,0.047819305578001875,0.005833262037908425,-5.383383184140527,0.5718217227018904,5.413667388179732,19.49707,19.448242,45.97398825721434,-0.0375606572645587,3.6014532482306065,0.010772132454451768,0.46875,0.7826735192667871,0.16065865894895787,0.05666782178425502,0.005833262037908425,-0.28928210499093904,0.5337739434968063,0.6071233474543046,16.035156,16.035156,406.40248269371347,0.4582259164960873,26.4116938794005,0.06355947033774718,0.06836,0.8772517999967947,0.09318202759582593,0.029566172407379687,0.005833262037908425,-1.9272145034805128,0.635688414259681,2.0293485413919483,20.928223,20.928223,236.36132442606987,1.6596839606470766,10.312778989480606,0.0267475548814871,0.28710900000000006,0.9270422186351408,0.055503495015741464,0.01745428634911764,0.0019444206793028083,0.0626032280455461,13.49806942209685,13.498214596305234,969.284113,969.284113,2575.764961494841,17.28048685234618,71.80831998813495,3.111085185401233e-05,0.0,0.8676506624971092,0.08425145440238148,0.04809788310050948,5.269380040910611,1.0319633823897711,29.85300610557752,29.870837316055304,2177.293986,2177.293986,2899.0721409253165,34.22801650830567,72.89028971510365,0.00013999883334305546,8.628642,0.9133363634177648,0.05390778496565674,0.03275585161657831,0.005833262037908425,0.6970019936845216,102.00542385062693,102.00780512649632,6218.374635,6218.374635,1745.335273546083,13.61542243097717,60.95979251086533,0.0001322211203795524,0.0,0.9103567303056075,0.055848312962911296,0.033794956731480974,2.5433022485280734,1069.226841597256,314.2814940619429,1114.4590150839333,9830.932617,9830.932617,60.93052007325616,-1.8854242964782866,8.821259897349929,0.030091971455793422,166.62597599999992,0.8164961681991246,0.08374212589399217,0.09976170590688332,0.0019444206793028083,0.5497887702783633,0.3637828544361692,0.6592462795540996,16.894531,16.894531,452.2558973382373,13.739097280122929,25.6270403398061,0.0310408524373408,0.20751999999999993,0.7491503376625561,0.14270312180996736,0.1081465405274765,0.005833262037908425,6.7319734699198115,0.6894912116131273,6.767190327646765,24.54834,24.42627,29.958246754085067,1.3924821006997725,3.6275527673146564,0.01042213537109413,0.5859370000000004,0.7264911967153324,0.16017780554693786,0.11333099773772996,0.005833262037908425,0.4548918089451129,0.6756809804636148,0.814537503866844,29.577637,29.577637,640.2920166593273,23.199196427894186,36.31218557719742,0.03793190612300453,0.085449,0.8222175840348307,0.09973369789545025,0.07804871806971918,0.013610944755119658,3.4945758963001565,1.074354890474547,3.6559949570108294,34.539795,34.539795,124.68628153561195,3.649420347466276,9.44744054795962,0.02349647086274281,0.518799,0.8730340109707556,0.0672047019425207,0.05976128708672369,0.0019444206793028083
TF-03,0,Normal,0,144667,-0.07623684559712995,0.7634684818279819,0.7672653904427882,16.918945,16.918945,48.201670957342834,-0.06683049928856359,22.050968557614848,0.03348402527200586,0.512695,0.7418670590730678,0.20076858742182913,0.05736435350510267,0.010368639703595153,-6.728330706436161,0.7591674600365995,6.771024245086569,24.432373,24.383544999999998,65.20841904149795,-0.06773766811251032,3.6083718084054244,0.006165927031921806,0.5493169999999994,0.777402532978409,0.1624008424932649,0.06019662452832598,0.01382485293812687,-0.19968912410570483,0.9003538489134166,0.922232508394335,20.019531,20.019531,214.71486018277628,-0.17167572295355032,21.707683060159383,0.04447485933114899,0.19531199999999999,0.8533476376625427,0.10346223832985768,0.0431901240075995,0.006912426469063435,-4.153437347591366,3.398641755471403,5.366731554903835,84.907368,84.907368,185.56261873871063,-1.7884756286715875,15.821057403628872,0.002516140627376163,1.9397010000000003,0.9215007246363938,0.06558231978525544,0.012916955578350705,0.0034562132345317175,-0.060974835304526936,0.6081133085137649,0.6111626023669736,13.544922,13.544922,48.81750617024968,-0.0651159885129003,22.16255043672801,0.03127203351167517,0.41015599999999997,0.7492771117252429,0.1969683606984348,0.05375452757632228,0.010368639703595153,-5.382600714122779,0.6071738932215092,5.4167380021822,19.296875,19.243164,65.07443968458715,-0.07004465801600658,3.562453083798038,0.006082977340909405,0.4394530000000003,0.7854902447815182,0.16306540438365658,0.05144435083482514,0.01382485293812687,-0.1597301239121569,0.719228935692204,0.7367523155185423,16.015625,16.015625,215.06720604218825,-0.17931207583262093,21.73814002705625,0.039484052921902865,0.15625,0.8703970953255019,0.10096054684111053,0.028642357833387717,0.006912426469063435,-1.4718096081967553,1.0828234879782737,1.8272192613087574,24.865723,24.865723,86.3522008404906,-0.30148442059560626,13.608505299024577,0.002433190936363762,0.6921390000000001,0.9134414342340796,0.07490765753156227,0.011650908234358291,0.0034562132345317175,0.3468547033324808,17.983059993164947,17.986404724207492,972.160327,972.160327,1439.640308224557,12.601176541300532,54.04973044399427,0.02420748482711902,0.0,0.8473458588646814,0.0951181183792238,0.05753602275609472,4.679712719555946,1.720475675599827,41.808364655431554,41.84374973292749,2180.1702,2180.1702,1335.1503005682116,22.127722130393266,52.10264887624042,0.00012442453651860148,17.257284,0.9070826148328854,0.059726460363593296,0.033190924803521,0.010368639703595153,1.3166203694000709,134.38497129745565,134.39142085644863,6065.935293,6065.935293,980.7688498160308,10.23426517119286,45.136328303868304,0.002682040009400965,0.0,0.9144396795944175,0.05414498722778806,0.03141533317779456,2.1497646318787282,814.45871191815,565.0679642257567,991.28441812308,14782.104492,14782.104492,60.36924722753415,0.7586765761777311,14.91207187538443,0.002516140627376163,380.859375,0.8693443542285728,0.0824243141288123,0.048231331642614755,0.0034562132345317175,0.5991712685685056,0.47936773172084374,0.7673328034778515,16.906738,16.906738,262.62185289148454,10.869471682949111,22.033122946617258,0.05831363278171789,0.213623,0.6327982078732758,0.2314996806819145,0.1357021114448097,0.010368639703595153,6.733101857417379,0.7156862142689268,6.771031485649137,24.44458,24.395751999999998,46.80899408533359,2.242896712078214,3.61017077705355,0.005917077958884603,0.5493169999999994,0.7344490802652902,0.16857303468460427,0.09697788505010549,0.01382485293812687,0.44636198627192103,0.8935272068488738,0.9988142430741387,28.710938,28.710938,359.438699967225,17.432264049646108,28.745022609643424,0.027401047931096458,0.128174,0.8130674834974085,0.10438339507495432,0.08254912142763722,0.02764970587625374,2.693628990965459,1.8760859491127984,3.282580635632286,46.337891,46.337891,62.94052476058661,3.8329949478452336,14.11629938256626,0.002350241245351361,1.245117,0.8671510732453792,0.07715873957493531,0.05569018717968544,0.0034562132345317175
TF-03-A01,3,Process Anomaly,1,82517,-0.07587549121999103,0.9015765644264625,0.904763721471467,16.882324,16.882324,43.23260150071038,-0.08474882987389021,18.659373269900065,0.03596878181201221,0.567627,0.730902101383555,0.2107986619957639,0.05829923662068113,0.018178072397203,-6.741388014348558,0.8814150670091048,6.7987649525743326,24.438477,24.407958999999998,62.76206725731514,-0.053619002011920866,3.5945465346241217,0.0019632556110330116,0.5615230000000002,0.7533199010882982,0.19373742909809227,0.05294266981360945,0.018178072397203,-0.1440384201073718,1.1585624302557402,1.1674818933358728,20.251465,20.251465,138.93156892427513,-0.38494915971107474,17.346277587342296,0.08252944883416549,0.28076100000000004,0.8389688776718975,0.11709031885557732,0.04394080347252511,0.012118714931468667,-5.214149314589721,4.476556798948675,6.872184066877871,84.998292,84.998292,105.88783916784998,-1.1601545600777563,12.368453925684198,0.0049202578893790296,2.8337809999999997,0.9234888129854231,0.06502622344661979,0.011484963567957203,0.0060593574657343335,-0.06070795433668213,0.7185320671244222,0.7210920795611612,13.510742,13.510742,43.637686945865035,-0.08487657931285042,18.73650034850238,0.0337631489650492,0.454102,0.7378926417483405,0.20802651975950143,0.054080838492158265,0.018178072397203,-5.393018851424555,0.7048921386696005,5.438890076015403,19.370117,19.370117,62.65314563318182,-0.05547967861145514,3.5614099070358094,0.0020359687818120122,0.44921899999999937,0.7569349152482104,0.19423170025404854,0.048833384497741016,0.018178072397203,-0.11517627258625496,0.9251713467229934,0.9323130346423891,16.137695,16.137695,139.3571337005706,-0.3867096723730942,17.309309642109636,0.07392505695865044,0.219727,0.8555986524977316,0.11380966758946416,0.03059167991280402,0.012118714931468667,-1.847480089181623,1.4243014368808633,2.3327702979555083,24.983643,24.983643,49.599364122420454,-0.12072539336887468,10.709859869999297,0.004217363905182026,1.004882,0.9160142381530744,0.07377843643932902,0.010207325407596685,0.0060593574657343335,1.0176562874074433,23.827097726354232,23.848819894924254,949.150615,949.150615,810.9129766994813,9.346103666882152,39.79864073702061,0.01519705269281109,0.0,0.8549494391013565,0.0902555760142673,0.054794984884376285,4.568755529163687,2.947459698268236,58.76087227847272,58.83474848760636,2194.55127,2194.55127,595.586811880978,13.87375320322607,37.30025752489255,0.0002181395123370013,31.638354,0.9112978500921676,0.056827797784512586,0.031874352123319676,0.018178072397203,2.3498881258043793,184.06820652647073,184.08320571979203,6399.576116,6399.576116,559.7975825087909,7.791301477178362,34.76458425947511,0.0005089921954530031,0.0,0.9008956604019566,0.06552370071262671,0.033580638885416556,2.302555836979047,1025.329624660579,742.4144811477126,1265.891030470013,14829.711914,14829.711914,34.245951723306035,0.5566987402738919,11.714840817296787,0.006931988947598042,571.289062,0.8833387010760492,0.07876756594097546,0.03789373298297521,0.0060593574657343335,0.6711469179805373,0.6067481884176973,0.9047549666417597,16.8396,16.8396,173.5614807547469,9.273203210247251,18.61233220139668,0.07007125890736342,0.262451,0.6111682048908093,0.24725867367075957,0.14157312143843115,0.018178072397203,6.749638783935431,0.8143284895973862,6.7985847499737275,23.608398,23.553466,47.57280715477661,2.6086144109757097,3.4725459589352377,0.0019390178874400116,0.5615230000000002,0.7040869721750072,0.19301557440586414,0.10289745341912877,0.018178072397203,0.47918620492746944,1.1946532956555296,1.2871736152568576,30.151367,30.151367,214.0979401127066,13.515221416247599,23.424475643857296,0.04258568035290126,0.15869099999999997,0.7937390065910465,0.11945080256335017,0.08681019084560336,0.04847485972587467,3.39692713532969,2.449976371633012,4.188257177430636,46.386719,46.386719,33.888879759192875,2.91663847341689,11.075422791600586,0.007998448785690048,1.8188479999999998,0.8779130030726678,0.07224712295820104,0.04983987396913103,0.0060593574657343335
TF-03-A02,3,Process Anomaly,1,57065,-0.09430614930342593,0.9032927558166461,0.9082023191488068,16.870117,16.870117,62.16519591647476,0.0249202107240654,18.57528509265552,0.016332538903687088,0.6286619999999999,0.7682147579112422,0.1918054711115731,0.039979770977185004,0.02628581442215018,-6.7313314754753355,0.9790911865679275,6.802164580803669,24.517822,24.517822,59.13029184040318,-0.11402582558337349,3.6044146989903094,0.03683583345016122,0.5554190000000006,0.7226084464737098,0.2259958353256253,0.05139571820066475,0.03504775256286691,-0.14447915531411545,1.3626437596440846,1.3702818111677781,20.111084,20.111084,103.79737982386678,-0.41461764374275173,14.676604356924933,0.09445534838076546,0.28686500000000004,0.8165355016748115,0.14456308379960614,0.03890141452558228,0.017523876281433454,-3.786520305388592,5.554071607755243,6.722012157620143,85.528679,85.528679,122.30865068814828,-2.011083844977108,12.723672167573186,0.005502593579139212,2.5913190000000004,0.9362620172839925,0.053363077697253805,0.010374905018753605,0.008761938140716727,-0.07540682458599841,0.7217817490384154,0.7257100539741045,13.496094,13.496094,62.21182560468681,0.02898854738054455,18.597088363449323,0.013423524463759988,0.50293,0.7744511408432344,0.18824060559113745,0.03730825356562796,0.02628581442215018,-5.384990777271532,0.7825563939688199,5.441554941470402,19.467773,19.409179,59.16989608692461,-0.11770434127013048,3.5776121364933737,0.03641525304920791,0.44433599999999984,0.72690471491193,0.22578991784841218,0.047305367239657614,0.03504775256286691,-0.11558640175238763,1.0863356269125346,1.0924675329589955,16.09375,16.09375,104.8661304443479,-0.4271149246448997,14.73155907563622,0.08965372213654843,0.229493,0.8333074625574687,0.13923546441131052,0.027457073031220504,0.017523876281433454,-2.1413907376325243,2.366002739087971,3.191163307101369,44.296875,44.296875,80.230764917855,-0.6971228030738211,13.881105646152657,0.00378522360857984,1.486816,0.9294121529524872,0.06229666418470896,0.008291182862803928,0.008761938140716727,1.755969849627618,28.709722187094197,28.763372162751185,943.398187,943.398187,555.1952654597212,7.664212678304174,32.79859474271618,0.011530912659470068,0.0,0.8525211445437023,0.0956527563308674,0.05182609912543022,4.608779462016998,4.32336823173574,75.39140416717305,75.51526557700252,2185.922628,2185.922628,314.43285846828377,9.415783305011788,28.946764754088374,0.00028038693396887705,48.895638,0.9053502827506631,0.059273554235291404,0.03537616301404568,0.02628581442215018,2.6534857002015246,222.27532889273854,222.29116676273094,6436.966897,6436.966897,386.60135241142245,6.491289398978452,28.957367000870022,0.0007009673349221927,0.0,0.9001846935012963,0.06693287916304361,0.032882427335660026,2.5409620608078507,1188.2608939271183,1271.4986730170158,1740.3082564650742,24398.803711,24398.803711,83.27347527167606,0.9229974742950338,14.019817248100066,0.002768820972942661,833.1298830000001,0.9169580404421271,0.06211063718086307,0.020931322377009592,0.008761938140716727,0.6374948704459827,0.6468564324918162,0.9081976404401081,16.809082,16.809082,195.52586990677358,10.878404690146962,18.50817625099136,0.04100658909294827,0.2563480000000001,0.660488465103479,0.21620543764776257,0.12330609724875838,0.02628581442215018,6.743279671094366,0.8925033118887007,6.802086656631687,24.499512,24.468994,48.779178918546734,2.9431765272878216,3.601764169839593,0.03403196411047245,0.5554199999999998,0.6653672522951051,0.2241620394112984,0.11047070829359647,0.03504775256286691,0.5526498189608342,1.4158699488645343,1.5199044491332674,30.718994,30.718994,155.67517293421852,11.638369616242114,20.211134994385766,0.07770222907612505,0.11596599999999996,0.7770697162235544,0.12286203424525813,0.10006824953118768,0.07009550512573381,4.045565253640585,4.030582712635489,5.710708819827891,77.105713,77.105713,70.68200192558825,5.615861139142185,13.501951409654222,0.01804990887424646,2.69165,0.892409764354315,0.05959115716689974,0.047999078478785324,0.008761938140716727
